threadX,threadY,Performance
1,1,0.04
1,2,0.14
1,3,0.22
1,4,0.33
1,5,0.36
1,6,0.40
1,7,0.42
1,8,0.46
1,9,0.51
1,10,0.52
1,11,0.57
1,12,0.58
1,13,0.62
1,14,0.62
1,15,0.67
1,16,0.71
1,17,0.69
1,18,0.69
1,19,0.72
1,20,0.70
1,21,0.75
1,22,0.70
1,23,0.74
1,24,0.73
1,25,0.77
1,26,0.72
1,27,0.76
1,28,0.75
1,29,0.79
1,30,0.78
1,31,0.82
1,32,0.84
1,33,0.77
1,34,0.76
1,35,0.80
1,36,0.77
1,37,0.82
1,38,0.81
1,39,0.82
1,40,0.83
1,41,0.85
1,42,0.84
1,43,0.86
1,44,0.84
1,45,0.88
1,46,0.86
1,47,0.91
1,48,0.90
1,49,0.82
1,50,0.82
1,51,0.86
1,52,0.85
1,53,0.86
1,54,0.85
1,55,0.87
1,56,0.85
1,57,0.90
1,58,0.89
1,59,0.90
1,60,0.89
1,61,0.91
1,62,0.90
1,63,0.92
1,64,0.96
1,65,0.85
1,66,0.83
1,67,0.85
1,68,0.83
1,69,0.85
1,70,0.84
1,71,0.85
1,72,0.83
1,73,0.88
1,74,0.88
1,75,0.91
1,76,0.89
1,77,0.90
1,78,0.89
1,79,0.91
1,80,0.92
1,81,0.91
1,82,0.90
1,83,0.91
1,84,0.89
1,85,0.94
1,86,0.94
1,87,0.95
1,88,0.93
1,89,0.95
1,90,0.95
1,91,0.97
1,92,0.96
1,93,0.96
1,94,0.96
1,95,0.98
1,96,0.98
1,97,0.89
1,98,0.87
1,99,0.88
1,100,0.87
1,101,0.87
1,102,0.91
1,103,0.92
1,104,0.93
1,105,0.94
1,106,0.93
1,107,0.94
1,108,0.93
1,109,0.94
1,110,0.93
1,111,0.95
1,112,0.96
1,113,0.95
1,114,0.94
1,115,0.95
1,116,0.94
1,117,0.94
1,118,0.93
1,119,0.93
1,120,0.94
1,121,0.95
1,122,0.94
1,123,0.95
1,124,0.94
1,125,0.94
1,126,0.93
1,127,0.95
1,128,1.00
1,129,0.97
1,130,0.97
1,131,0.97
1,132,0.97
1,133,0.97
1,134,0.97
1,135,0.97
1,136,0.97
1,137,0.97
1,138,0.96
1,139,0.97
1,140,0.97
1,141,0.97
1,142,0.97
1,143,0.97
1,144,0.97
1,145,0.97
1,146,0.97
1,147,0.97
1,148,0.97
1,149,0.97
1,150,0.97
1,151,0.97
1,152,0.97
1,153,0.97
1,154,0.97
1,155,0.97
1,156,0.96
1,157,0.97
1,158,0.97
1,159,0.97
1,160,0.97
1,161,0.97
1,162,0.97
1,163,0.97
1,164,0.97
1,165,0.97
1,166,0.97
1,167,0.97
1,168,0.97
1,169,0.97
1,170,0.97
1,171,0.97
1,172,0.97
1,173,0.97
1,174,0.97
1,175,0.97
1,176,0.97
1,177,0.97
1,178,0.97
1,179,0.97
1,180,0.96
1,181,0.97
1,182,0.97
1,183,0.97
1,184,0.97
1,185,0.97
1,186,0.97
1,187,0.97
1,188,0.97
1,189,0.97
1,190,0.97
1,191,0.97
1,192,0.97
1,193,0.92
1,194,0.92
1,195,0.92
1,196,0.92
1,197,0.92
1,198,0.91
1,199,0.92
1,200,0.92
1,201,0.92
1,202,0.92
1,203,0.92
1,204,0.91
1,205,0.92
1,206,0.92
1,207,0.92
1,208,0.92
1,209,0.92
1,210,0.91
1,211,0.92
1,212,0.92
1,213,0.92
1,214,0.92
1,215,0.92
1,216,0.91
1,217,0.92
1,218,0.92
1,219,0.92
1,220,0.92
1,221,0.92
1,222,0.92
1,223,0.92
1,224,0.92
1,225,0.95
1,226,0.95
1,227,0.95
1,228,0.95
1,229,0.95
1,230,0.95
1,231,0.95
1,232,0.95
1,233,0.95
1,234,0.95
1,235,0.95
1,236,0.95
1,237,0.95
1,238,0.95
1,239,0.95
1,240,0.95
1,241,0.95
1,242,0.95
1,243,0.95
1,244,0.95
1,245,0.95
1,246,0.95
1,247,0.95
1,248,0.95
1,249,0.95
1,250,0.95
1,251,0.95
1,252,0.95
1,253,0.95
1,254,0.95
1,255,0.95
1,256,0.95
1,257,0.93
1,258,0.93
1,259,0.93
1,260,0.93
1,261,0.93
1,262,0.93
1,263,0.93
1,264,0.93
1,265,0.93
1,266,0.93
1,267,0.93
1,268,0.93
1,269,0.93
1,270,0.93
1,271,0.93
1,272,0.93
1,273,0.93
1,274,0.93
1,275,0.92
1,276,0.93
1,277,0.93
1,278,0.93
1,279,0.93
1,280,0.93
1,281,0.93
1,282,0.93
1,283,0.93
1,284,0.93
1,285,0.93
1,286,0.93
1,287,0.93
1,288,0.93
1,289,0.91
1,290,0.91
1,291,0.91
1,292,0.91
1,293,0.91
1,294,0.91
1,295,0.91
1,296,0.91
1,297,0.91
1,298,0.91
1,299,0.91
1,300,0.91
1,301,0.91
1,302,0.91
1,303,0.91
1,304,0.91
1,305,0.91
1,306,0.91
1,307,0.91
1,308,0.91
1,309,0.91
1,310,0.91
1,311,0.91
1,312,0.91
1,313,0.91
1,314,0.91
1,315,0.91
1,316,0.91
1,317,0.91
1,318,0.91
1,319,0.91
1,320,0.91
1,321,0.91
1,322,0.91
1,323,0.90
1,324,0.91
1,325,0.91
1,326,0.90
1,327,0.90
1,328,0.91
1,329,0.90
1,330,0.91
1,331,0.91
1,332,0.91
1,333,0.90
1,334,0.91
1,335,0.90
1,336,0.91
1,337,0.91
1,338,0.91
1,339,0.91
1,340,0.91
1,341,0.90
1,342,0.91
1,343,0.91
1,344,0.91
1,345,0.91
1,346,0.91
1,347,0.90
1,348,0.91
1,349,0.90
1,350,0.91
1,351,0.91
1,352,0.91
1,353,0.88
1,354,0.88
1,355,0.88
1,356,0.88
1,357,0.88
1,358,0.88
1,359,0.88
1,360,0.88
1,361,0.88
1,362,0.88
1,363,0.88
1,364,0.88
1,365,0.88
1,366,0.88
1,367,0.88
1,368,0.88
1,369,0.88
1,370,0.88
1,371,0.88
1,372,0.88
1,373,0.88
1,374,0.88
1,375,0.88
1,376,0.88
1,377,0.88
1,378,0.88
1,379,0.88
1,380,0.88
1,381,0.88
1,382,0.88
1,383,0.88
1,384,0.88
1,385,0.72
1,386,0.72
1,387,0.72
1,388,0.72
1,389,0.72
1,390,0.72
1,391,0.72
1,392,0.72
1,393,0.72
1,394,0.72
1,395,0.72
1,396,0.72
1,397,0.72
1,398,0.72
1,399,0.72
1,400,0.72
1,401,0.72
1,402,0.72
1,403,0.72
1,404,0.72
1,405,0.72
1,406,0.72
1,407,0.72
1,408,0.72
1,409,0.72
1,410,0.72
1,411,0.72
1,412,0.72
1,413,0.72
1,414,0.72
1,415,0.72
1,416,0.72
1,417,0.70
1,418,0.70
1,419,0.69
1,420,0.70
1,421,0.70
1,422,0.70
1,423,0.70
1,424,0.69
1,425,0.69
1,426,0.70
1,427,0.70
1,428,0.70
1,429,0.70
1,430,0.70
1,431,0.69
1,432,0.70
1,433,0.70
1,434,0.70
1,435,0.70
1,436,0.70
1,437,0.69
1,438,0.70
1,439,0.70
1,440,0.70
1,441,0.70
1,442,0.70
1,443,0.69
1,444,0.70
1,445,0.70
1,446,0.69
1,447,0.70
1,448,0.70
1,449,0.65
1,450,0.65
1,451,0.65
1,452,0.65
1,453,0.65
1,454,0.65
1,455,0.65
1,456,0.65
1,457,0.65
1,458,0.65
1,459,0.65
1,460,0.65
1,461,0.65
1,462,0.65
1,463,0.65
1,464,0.65
1,465,0.65
1,466,0.65
1,467,0.65
1,468,0.65
1,469,0.65
1,470,0.65
1,471,0.65
1,472,0.65
1,473,0.65
1,474,0.65
1,475,0.65
1,476,0.65
1,477,0.65
1,478,0.65
1,479,0.65
1,480,0.65
1,481,0.82
1,482,0.82
1,483,0.82
1,484,0.82
1,485,0.81
1,486,0.82
1,487,0.82
1,488,0.82
1,489,0.82
1,490,0.82
1,491,0.81
1,492,0.82
1,493,0.82
1,494,0.82
1,495,0.82
1,496,0.82
1,497,0.82
1,498,0.82
1,499,0.82
1,500,0.82
1,501,0.82
1,502,0.82
1,503,0.82
1,504,0.82
1,505,0.82
1,506,0.82
1,507,0.82
1,508,0.82
1,509,0.82
1,510,0.82
1,511,0.82
1,512,0.82
1,513,0.80
1,514,0.80
1,515,0.80
1,516,0.80
1,517,0.80
1,518,0.80
1,519,0.80
1,520,0.80
1,521,0.80
1,522,0.80
1,523,0.80
1,524,0.80
1,525,0.80
1,526,0.80
1,527,0.80
1,528,0.80
1,529,0.80
1,530,0.80
1,531,0.80
1,532,0.80
1,533,0.80
1,534,0.80
1,535,0.80
1,536,0.80
1,537,0.80
1,538,0.80
1,539,0.80
1,540,0.80
1,541,0.80
1,542,0.80
1,543,0.80
1,544,0.80
1,545,0.80
1,546,0.80
1,547,0.80
1,548,0.80
1,549,0.80
1,550,0.80
1,551,0.79
1,552,0.80
1,553,0.80
1,554,0.80
1,555,0.80
1,556,0.80
1,557,0.80
1,558,0.80
1,559,0.80
1,560,0.80
1,561,0.80
1,562,0.80
1,563,0.80
1,564,0.80
1,565,0.80
1,566,0.80
1,567,0.80
1,568,0.80
1,569,0.79
1,570,0.80
1,571,0.80
1,572,0.80
1,573,0.80
1,574,0.80
1,575,0.80
1,576,0.80
1,577,0.80
1,578,0.80
1,579,0.80
1,580,0.80
1,581,0.79
1,582,0.80
1,583,0.80
1,584,0.80
1,585,0.80
1,586,0.80
1,587,0.79
1,588,0.80
1,589,0.80
1,590,0.80
1,591,0.80
1,592,0.80
1,593,0.79
1,594,0.80
1,595,0.80
1,596,0.80
1,597,0.80
1,598,0.80
1,599,0.79
1,600,0.80
1,601,0.80
1,602,0.80
1,603,0.80
1,604,0.80
1,605,0.80
1,606,0.80
1,607,0.80
1,608,0.80
1,609,0.80
1,610,0.80
1,611,0.79
1,612,0.80
1,613,0.80
1,614,0.80
1,615,0.80
1,616,0.80
1,617,0.79
1,618,0.80
1,619,0.80
1,620,0.80
1,621,0.80
1,622,0.80
1,623,0.79
1,624,0.80
1,625,0.80
1,626,0.80
1,627,0.80
1,628,0.80
1,629,0.80
1,630,0.80
1,631,0.80
1,632,0.80
1,633,0.80
1,634,0.80
1,635,0.79
1,636,0.80
1,637,0.80
1,638,0.80
1,639,0.80
1,640,0.80
1,641,0.79
1,642,0.79
1,643,0.79
1,644,0.79
1,645,0.79
1,646,0.79
1,647,0.79
1,648,0.79
1,649,0.79
1,650,0.79
1,651,0.79
1,652,0.79
1,653,0.79
1,654,0.79
1,655,0.79
1,656,0.79
1,657,0.79
1,658,0.79
1,659,0.79
1,660,0.79
1,661,0.79
1,662,0.79
1,663,0.79
1,664,0.79
1,665,0.79
1,666,0.79
1,667,0.79
1,668,0.79
1,669,0.79
1,670,0.79
1,671,0.79
1,672,0.79
1,673,0.79
1,674,0.79
1,675,0.79
1,676,0.79
1,677,0.79
1,678,0.79
1,679,0.79
1,680,0.79
1,681,0.79
1,682,0.79
1,683,0.79
1,684,0.79
1,685,0.79
1,686,0.79
1,687,0.79
1,688,0.79
1,689,0.79
1,690,0.79
1,691,0.79
1,692,0.79
1,693,0.79
1,694,0.79
1,695,0.79
1,696,0.79
1,697,0.79
1,698,0.79
1,699,0.79
1,700,0.79
1,701,0.79
1,702,0.79
1,703,0.79
1,704,0.79
1,705,0.79
1,706,0.79
1,707,0.79
1,708,0.79
1,709,0.79
1,710,0.79
1,711,0.79
1,712,0.79
1,713,0.79
1,714,0.79
1,715,0.79
1,716,0.79
1,717,0.79
1,718,0.79
1,719,0.79
1,720,0.79
1,721,0.79
1,722,0.79
1,723,0.79
1,724,0.79
1,725,0.79
1,726,0.79
1,727,0.79
1,728,0.79
1,729,0.79
1,730,0.79
1,731,0.79
1,732,0.79
1,733,0.79
1,734,0.79
1,735,0.79
1,736,0.79
1,737,0.79
1,738,0.79
1,739,0.79
1,740,0.79
1,741,0.79
1,742,0.79
1,743,0.79
1,744,0.79
1,745,0.79
1,746,0.79
1,747,0.79
1,748,0.79
1,749,0.79
1,750,0.79
1,751,0.79
1,752,0.79
1,753,0.79
1,754,0.79
1,755,0.79
1,756,0.79
1,757,0.79
1,758,0.79
1,759,0.79
1,760,0.79
1,761,0.79
1,762,0.79
1,763,0.79
1,764,0.79
1,765,0.79
1,766,0.79
1,767,0.79
1,768,0.79
1,769,0.77
1,770,0.77
1,771,0.77
1,772,0.77
1,773,0.77
1,774,0.77
1,775,0.77
1,776,0.77
1,777,0.77
1,778,0.77
1,779,0.77
1,780,0.77
1,781,0.77
1,782,0.77
1,783,0.77
1,784,0.77
1,785,0.77
1,786,0.77
1,787,0.77
1,788,0.77
1,789,0.77
1,790,0.77
1,791,0.77
1,792,0.77
1,793,0.77
1,794,0.77
1,795,0.77
1,796,0.77
1,797,0.77
1,798,0.77
1,799,0.77
1,800,0.77
1,801,0.77
1,802,0.77
1,803,0.77
1,804,0.77
1,805,0.77
1,806,0.77
1,807,0.77
1,808,0.77
1,809,0.77
1,810,0.77
1,811,0.77
1,812,0.77
1,813,0.77
1,814,0.77
1,815,0.77
1,816,0.77
1,817,0.77
1,818,0.77
1,819,0.77
1,820,0.77
1,821,0.77
1,822,0.77
1,823,0.77
1,824,0.77
1,825,0.77
1,826,0.76
1,827,0.77
1,828,0.77
1,829,0.77
1,830,0.77
1,831,0.77
1,832,0.76
1,833,0.77
1,834,0.77
1,835,0.77
1,836,0.77
1,837,0.77
1,838,0.76
1,839,0.77
1,840,0.77
1,841,0.77
1,842,0.77
1,843,0.77
1,844,0.76
1,845,0.77
1,846,0.77
1,847,0.77
1,848,0.77
1,849,0.77
1,850,0.76
1,851,0.77
1,852,0.77
1,853,0.77
1,854,0.77
1,855,0.77
1,856,0.76
1,857,0.77
1,858,0.77
1,859,0.77
1,860,0.77
1,861,0.77
1,862,0.76
1,863,0.77
1,864,0.77
1,865,0.76
1,866,0.76
1,867,0.76
1,868,0.76
1,869,0.76
1,870,0.76
1,871,0.76
1,872,0.76
1,873,0.76
1,874,0.76
1,875,0.76
1,876,0.76
1,877,0.76
1,878,0.76
1,879,0.76
1,880,0.76
1,881,0.76
1,882,0.76
1,883,0.76
1,884,0.76
1,885,0.76
1,886,0.76
1,887,0.76
1,888,0.76
1,889,0.76
1,890,0.76
1,891,0.76
1,892,0.76
1,893,0.76
1,894,0.76
1,895,0.76
1,896,0.76
1,897,0.75
1,898,0.75
1,899,0.75
1,900,0.75
1,901,0.75
1,902,0.75
1,903,0.75
1,904,0.75
1,905,0.75
1,906,0.75
1,907,0.75
1,908,0.75
1,909,0.75
1,910,0.75
1,911,0.75
1,912,0.75
1,913,0.75
1,914,0.75
1,915,0.75
1,916,0.75
1,917,0.75
1,918,0.75
1,919,0.75
1,920,0.75
1,921,0.75
1,922,0.75
1,923,0.75
1,924,0.75
1,925,0.75
1,926,0.75
1,927,0.75
1,928,0.75
1,929,0.75
1,930,0.75
1,931,0.75
1,932,0.75
1,933,0.75
1,934,0.75
1,935,0.75
1,936,0.75
1,937,0.75
1,938,0.75
1,939,0.75
1,940,0.75
1,941,0.75
1,942,0.75
1,943,0.75
1,944,0.75
1,945,0.75
1,946,0.75
1,947,0.75
1,948,0.75
1,949,0.75
1,950,0.75
1,951,0.75
1,952,0.75
1,953,0.75
1,954,0.75
1,955,0.75
1,956,0.75
1,957,0.75
1,958,0.75
1,959,0.75
1,960,0.75
1,961,0.75
1,962,0.75
1,963,0.75
1,964,0.74
1,965,0.75
1,966,0.75
1,967,0.75
1,968,0.75
1,969,0.75
1,970,0.75
1,971,0.75
1,972,0.75
1,973,0.75
1,974,0.75
1,975,0.75
1,976,0.74
1,977,0.75
1,978,0.75
1,979,0.75
1,980,0.75
1,981,0.75
1,982,0.74
1,983,0.75
1,984,0.75
1,985,0.75
1,986,0.75
1,987,0.75
1,988,0.74
1,989,0.75
1,990,0.75
1,991,0.75
1,992,0.75
1,993,0.74
1,994,0.74
1,995,0.74
1,996,0.74
1,997,0.74
1,998,0.74
1,999,0.74
1,1000,0.74
1,1001,0.74
1,1002,0.74
1,1003,0.74
1,1004,0.74
1,1005,0.74
1,1006,0.74
1,1007,0.74
1,1008,0.74
1,1009,0.74
1,1010,0.74
1,1011,0.74
1,1012,0.74
1,1013,0.74
1,1014,0.74
1,1015,0.74
1,1016,0.74
1,1017,0.74
1,1018,0.74
1,1019,0.74
1,1020,0.74
1,1021,0.74
1,1022,0.74
1,1023,0.74
1,1024,0.74
2,1,0.08
2,2,0.16
2,3,0.23
2,4,0.28
2,5,0.35
2,6,0.41
2,7,0.45
2,8,0.50
2,9,0.54
2,10,0.60
2,11,0.63
2,12,0.67
2,13,0.71
2,14,0.75
2,15,0.80
2,16,0.83
2,17,0.68
2,18,0.70
2,19,0.73
2,20,0.75
2,21,0.77
2,22,0.79
2,23,0.81
2,24,0.81
2,25,0.83
2,26,0.86
2,27,0.87
2,28,0.88
2,29,0.91
2,30,0.93
2,31,0.94
2,32,0.96
2,33,0.81
2,34,0.83
2,35,0.84
2,36,0.83
2,37,0.86
2,38,0.86
2,39,0.86
2,40,0.87
2,41,0.89
2,42,0.89
2,43,0.91
2,44,0.91
2,45,0.92
2,46,0.92
2,47,0.96
2,48,0.95
2,49,0.85
2,50,0.85
2,51,0.88
2,52,0.88
2,53,0.89
2,54,0.88
2,55,0.89
2,56,0.89
2,57,0.91
2,58,0.92
2,59,0.92
2,60,0.93
2,61,0.93
2,62,0.93
2,63,0.93
2,64,0.97
2,65,0.90
2,66,0.89
2,67,0.89
2,68,0.89
2,69,0.90
2,70,0.90
2,71,0.90
2,72,0.89
2,73,0.93
2,74,0.93
2,75,0.93
2,76,0.93
2,77,0.94
2,78,0.94
2,79,0.94
2,80,0.94
2,81,0.87
2,82,0.87
2,83,0.87
2,84,0.87
2,85,0.91
2,86,0.90
2,87,0.90
2,88,0.91
2,89,0.91
2,90,0.91
2,91,0.92
2,92,0.91
2,93,0.91
2,94,0.91
2,95,0.92
2,96,0.95
2,97,0.88
2,98,0.87
2,99,0.86
2,100,0.87
2,101,0.87
2,102,0.91
2,103,0.91
2,104,0.90
2,105,0.90
2,106,0.91
2,107,0.91
2,108,0.91
2,109,0.91
2,110,0.91
2,111,0.91
2,112,0.93
2,113,0.89
2,114,0.88
2,115,0.88
2,116,0.88
2,117,0.90
2,118,0.89
2,119,0.89
2,120,0.90
2,121,0.90
2,122,0.90
2,123,0.89
2,124,0.89
2,125,0.90
2,126,0.90
2,127,0.91
2,128,0.96
2,129,0.89
2,130,0.89
2,131,0.88
2,132,0.88
2,133,0.88
2,134,0.88
2,135,0.88
2,136,0.88
2,137,0.88
2,138,0.89
2,139,0.89
2,140,0.89
2,141,0.89
2,142,0.89
2,143,0.90
2,144,0.89
2,145,0.86
2,146,0.86
2,147,0.86
2,148,0.86
2,149,0.87
2,150,0.87
2,151,0.87
2,152,0.87
2,153,0.86
2,154,0.87
2,155,0.87
2,156,0.87
2,157,0.87
2,158,0.87
2,159,0.89
2,160,0.90
2,161,0.85
2,162,0.85
2,163,0.85
2,164,0.85
2,165,0.84
2,166,0.84
2,167,0.84
2,168,0.84
2,169,0.84
2,170,0.91
2,171,0.91
2,172,0.91
2,173,0.91
2,174,0.91
2,175,0.91
2,176,0.91
2,177,0.88
2,178,0.88
2,179,0.88
2,180,0.88
2,181,0.88
2,182,0.88
2,183,0.88
2,184,0.88
2,185,0.88
2,186,0.88
2,187,0.89
2,188,0.88
2,189,0.88
2,190,0.90
2,191,0.92
2,192,0.92
2,193,0.75
2,194,0.74
2,195,0.73
2,196,0.74
2,197,0.74
2,198,0.73
2,199,0.73
2,200,0.73
2,201,0.72
2,202,0.73
2,203,0.73
2,204,0.73
2,205,0.73
2,206,0.74
2,207,0.74
2,208,0.74
2,209,0.73
2,210,0.73
2,211,0.73
2,212,0.73
2,213,0.73
2,214,0.73
2,215,0.73
2,216,0.73
2,217,0.72
2,218,0.73
2,219,0.72
2,220,0.73
2,221,0.73
2,222,0.73
2,223,0.74
2,224,0.74
2,225,0.73
2,226,0.73
2,227,0.73
2,228,0.72
2,229,0.72
2,230,0.72
2,231,0.72
2,232,0.72
2,233,0.72
2,234,0.72
2,235,0.72
2,236,0.72
2,237,0.72
2,238,0.72
2,239,0.73
2,240,0.73
2,241,0.72
2,242,0.72
2,243,0.71
2,244,0.71
2,245,0.71
2,246,0.71
2,247,0.71
2,248,0.71
2,249,0.70
2,250,0.71
2,251,0.71
2,252,0.71
2,253,0.71
2,254,0.72
2,255,0.82
2,256,0.81
2,257,0.80
2,258,0.80
2,259,0.80
2,260,0.79
2,261,0.79
2,262,0.79
2,263,0.79
2,264,0.79
2,265,0.79
2,266,0.79
2,267,0.79
2,268,0.79
2,269,0.79
2,270,0.79
2,271,0.80
2,272,0.80
2,273,0.78
2,274,0.79
2,275,0.79
2,276,0.79
2,277,0.78
2,278,0.79
2,279,0.78
2,280,0.78
2,281,0.78
2,282,0.78
2,283,0.79
2,284,0.79
2,285,0.78
2,286,0.79
2,287,0.79
2,288,0.81
2,289,0.79
2,290,0.79
2,291,0.79
2,292,0.79
2,293,0.79
2,294,0.79
2,295,0.79
2,296,0.79
2,297,0.78
2,298,0.79
2,299,0.79
2,300,0.79
2,301,0.79
2,302,0.79
2,303,0.79
2,304,0.79
2,305,0.78
2,306,0.78
2,307,0.78
2,308,0.78
2,309,0.78
2,310,0.78
2,311,0.78
2,312,0.78
2,313,0.78
2,314,0.78
2,315,0.78
2,316,0.79
2,317,0.79
2,318,0.79
2,319,0.79
2,320,0.80
2,321,0.78
2,322,0.79
2,323,0.79
2,324,0.79
2,325,0.78
2,326,0.78
2,327,0.78
2,328,0.78
2,329,0.78
2,330,0.78
2,331,0.78
2,332,0.78
2,333,0.78
2,334,0.78
2,335,0.78
2,336,0.78
2,337,0.78
2,338,0.78
2,339,0.77
2,340,0.78
2,341,0.77
2,342,0.78
2,343,0.78
2,344,0.77
2,345,0.77
2,346,0.77
2,347,0.78
2,348,0.78
2,349,0.78
2,350,0.78
2,351,0.78
2,352,0.79
2,353,0.78
2,354,0.78
2,355,0.78
2,356,0.77
2,357,0.77
2,358,0.77
2,359,0.77
2,360,0.77
2,361,0.77
2,362,0.77
2,363,0.77
2,364,0.77
2,365,0.77
2,366,0.77
2,367,0.77
2,368,0.77
2,369,0.76
2,370,0.76
2,371,0.76
2,372,0.76
2,373,0.76
2,374,0.76
2,375,0.76
2,376,0.76
2,377,0.76
2,378,0.76
2,379,0.76
2,380,0.76
2,381,0.76
2,382,0.77
2,383,0.77
2,384,0.77
2,385,0.77
2,386,0.78
2,387,0.77
2,388,0.77
2,389,0.77
2,390,0.77
2,391,0.77
2,392,0.77
2,393,0.76
2,394,0.77
2,395,0.77
2,396,0.77
2,397,0.77
2,398,0.77
2,399,0.77
2,400,0.77
2,401,0.69
2,402,0.69
2,403,0.69
2,404,0.69
2,405,0.69
2,406,0.69
2,407,0.69
2,408,0.69
2,409,0.68
2,410,0.69
2,411,0.68
2,412,0.69
2,413,0.69
2,414,0.69
2,415,0.69
2,416,0.70
2,417,0.69
2,418,0.69
2,419,0.69
2,420,0.69
2,421,0.68
2,422,0.69
2,423,0.68
2,424,0.68
2,425,0.68
2,426,0.69
2,427,0.68
2,428,0.69
2,429,0.68
2,430,0.69
2,431,0.69
2,432,0.69
2,433,0.68
2,434,0.68
2,435,0.68
2,436,0.68
2,437,0.68
2,438,0.68
2,439,0.68
2,440,0.68
2,441,0.67
2,442,0.68
2,443,0.68
2,444,0.68
2,445,0.68
2,446,0.69
2,447,0.68
2,448,0.69
2,449,0.67
2,450,0.67
2,451,0.67
2,452,0.67
2,453,0.66
2,454,0.67
2,455,0.67
2,456,0.67
2,457,0.66
2,458,0.67
2,459,0.66
2,460,0.67
2,461,0.67
2,462,0.67
2,463,0.67
2,464,0.66
2,465,0.66
2,466,0.66
2,467,0.66
2,468,0.66
2,469,0.66
2,470,0.66
2,471,0.66
2,472,0.66
2,473,0.66
2,474,0.66
2,475,0.66
2,476,0.66
2,477,0.66
2,478,0.66
2,479,0.66
2,480,0.67
2,481,0.66
2,482,0.66
2,483,0.66
2,484,0.66
2,485,0.66
2,486,0.66
2,487,0.65
2,488,0.66
2,489,0.65
2,490,0.66
2,491,0.65
2,492,0.66
2,493,0.66
2,494,0.66
2,495,0.65
2,496,0.66
2,497,0.65
2,498,0.66
2,499,0.65
2,500,0.65
2,501,0.65
2,502,0.65
2,503,0.65
2,504,0.65
2,505,0.65
2,506,0.65
2,507,0.65
2,508,0.66
2,509,0.66
2,510,0.84
2,511,0.84
2,512,0.84
3,1,0.11
3,2,0.23
3,3,0.32
3,4,0.39
3,5,0.47
3,6,0.54
3,7,0.59
3,8,0.64
3,9,0.69
3,10,0.77
3,11,0.64
3,12,0.68
3,13,0.72
3,14,0.75
3,15,0.80
3,16,0.80
3,17,0.84
3,18,0.83
3,19,0.88
3,20,0.88
3,21,0.91
3,22,0.78
3,23,0.80
3,24,0.80
3,25,0.84
3,26,0.85
3,27,0.88
3,28,0.88
3,29,0.90
3,30,0.92
3,31,0.94
3,32,0.95
3,33,0.85
3,34,0.86
3,35,0.88
3,36,0.87
3,37,0.90
3,38,0.89
3,39,0.89
3,40,0.90
3,41,0.92
3,42,0.92
3,43,0.88
3,44,0.87
3,45,0.87
3,46,0.88
3,47,0.92
3,48,0.91
3,49,0.91
3,50,0.90
3,51,0.94
3,52,0.93
3,53,0.95
3,54,0.86
3,55,0.87
3,56,0.87
3,57,0.90
3,58,0.90
3,59,0.91
3,60,0.90
3,61,0.91
3,62,0.90
3,63,0.91
3,64,0.95
3,65,0.89
3,66,0.88
3,67,0.88
3,68,0.88
3,69,0.89
3,70,0.89
3,71,0.89
3,72,0.88
3,73,0.92
3,74,0.92
3,75,0.89
3,76,0.89
3,77,0.89
3,78,0.89
3,79,0.90
3,80,0.91
3,81,0.91
3,82,0.90
3,83,0.91
3,84,0.90
3,85,0.95
3,86,0.88
3,87,0.87
3,88,0.87
3,89,0.87
3,90,0.87
3,91,0.87
3,92,0.87
3,93,0.86
3,94,0.87
3,95,0.88
3,96,0.91
3,97,0.88
3,98,0.87
3,99,0.87
3,100,0.87
3,101,0.87
3,102,0.91
3,103,0.91
3,104,0.90
3,105,0.90
3,106,0.91
3,107,0.87
3,108,0.87
3,109,0.87
3,110,0.87
3,111,0.88
3,112,0.88
3,113,0.89
3,114,0.88
3,115,0.88
3,116,0.88
3,117,0.89
3,118,0.86
3,119,0.85
3,120,0.85
3,121,0.86
3,122,0.86
3,123,0.86
3,124,0.86
3,125,0.86
3,126,0.86
3,127,0.87
3,128,0.94
3,129,0.76
3,130,0.76
3,131,0.76
3,132,0.75
3,133,0.75
3,134,0.75
3,135,0.75
3,136,0.75
3,137,0.75
3,138,0.76
3,139,0.74
3,140,0.74
3,141,0.74
3,142,0.74
3,143,0.75
3,144,0.76
3,145,0.76
3,146,0.75
3,147,0.75
3,148,0.75
3,149,0.76
3,150,0.74
3,151,0.74
3,152,0.74
3,153,0.73
3,154,0.74
3,155,0.74
3,156,0.74
3,157,0.74
3,158,0.74
3,159,0.75
3,160,0.76
3,161,0.75
3,162,0.75
3,163,0.75
3,164,0.74
3,165,0.74
3,166,0.74
3,167,0.74
3,168,0.74
3,169,0.74
3,170,0.81
3,171,0.80
3,172,0.80
3,173,0.80
3,174,0.80
3,175,0.80
3,176,0.80
3,177,0.80
3,178,0.80
3,179,0.80
3,180,0.80
3,181,0.80
3,182,0.79
3,183,0.79
3,184,0.78
3,185,0.78
3,186,0.78
3,187,0.78
3,188,0.78
3,189,0.78
3,190,0.79
3,191,0.79
3,192,0.81
3,193,0.80
3,194,0.80
3,195,0.79
3,196,0.79
3,197,0.79
3,198,0.79
3,199,0.79
3,200,0.79
3,201,0.78
3,202,0.79
3,203,0.78
3,204,0.78
3,205,0.78
3,206,0.78
3,207,0.78
3,208,0.79
3,209,0.79
3,210,0.79
3,211,0.79
3,212,0.79
3,213,0.78
3,214,0.77
3,215,0.77
3,216,0.77
3,217,0.76
3,218,0.77
3,219,0.76
3,220,0.77
3,221,0.77
3,222,0.78
3,223,0.79
3,224,0.79
3,225,0.78
3,226,0.78
3,227,0.78
3,228,0.78
3,229,0.78
3,230,0.78
3,231,0.77
3,232,0.77
3,233,0.77
3,234,0.77
3,235,0.76
3,236,0.76
3,237,0.75
3,238,0.76
3,239,0.77
3,240,0.77
3,241,0.77
3,242,0.77
3,243,0.77
3,244,0.77
3,245,0.77
3,246,0.76
3,247,0.76
3,248,0.76
3,249,0.76
3,250,0.76
3,251,0.76
3,252,0.76
3,253,0.76
3,254,0.77
3,255,0.88
3,256,0.88
3,257,0.88
3,258,0.88
3,259,0.88
3,260,0.87
3,261,0.87
3,262,0.87
3,263,0.87
3,264,0.87
3,265,0.87
3,266,0.87
3,267,0.78
3,268,0.79
3,269,0.79
3,270,0.79
3,271,0.79
3,272,0.80
3,273,0.79
3,274,0.80
3,275,0.79
3,276,0.79
3,277,0.79
3,278,0.79
3,279,0.78
3,280,0.78
3,281,0.78
3,282,0.78
3,283,0.78
3,284,0.78
3,285,0.78
3,286,0.79
3,287,0.79
3,288,0.80
3,289,0.80
3,290,0.80
3,291,0.78
3,292,0.79
3,293,0.79
3,294,0.79
3,295,0.79
3,296,0.79
3,297,0.78
3,298,0.79
3,299,0.77
3,300,0.77
3,301,0.77
3,302,0.77
3,303,0.77
3,304,0.78
3,305,0.78
3,306,0.78
3,307,0.78
3,308,0.77
3,309,0.77
3,310,0.77
3,311,0.77
3,312,0.77
3,313,0.77
3,314,0.77
3,315,0.77
3,316,0.77
3,317,0.77
3,318,0.77
3,319,0.77
3,320,0.79
3,321,0.77
3,322,0.78
3,323,0.77
3,324,0.77
3,325,0.77
3,326,0.77
3,327,0.76
3,328,0.77
3,329,0.77
3,330,0.77
3,331,0.77
3,332,0.77
3,333,0.76
3,334,0.77
3,335,0.77
3,336,0.77
3,337,0.77
3,338,0.77
3,339,0.76
3,340,0.77
3,341,0.77
4,1,0.14
4,2,0.29
4,3,0.39
4,4,0.46
4,5,0.56
4,6,0.63
4,7,0.68
4,8,0.70
4,9,0.64
4,10,0.68
4,11,0.72
4,12,0.75
4,13,0.80
4,14,0.81
4,15,0.87
4,16,0.87
4,17,0.79
4,18,0.78
4,19,0.83
4,20,0.83
4,21,0.86
4,22,0.86
4,23,0.88
4,24,0.87
4,25,0.83
4,26,0.84
4,27,0.87
4,28,0.86
4,29,0.89
4,30,0.90
4,31,0.92
4,32,0.94
4,33,0.87
4,34,0.87
4,35,0.89
4,36,0.87
4,37,0.91
4,38,0.89
4,39,0.91
4,40,0.91
4,41,0.86
4,42,0.85
4,43,0.89
4,44,0.88
4,45,0.89
4,46,0.89
4,47,0.93
4,48,0.92
4,49,0.86
4,50,0.86
4,51,0.90
4,52,0.88
4,53,0.90
4,54,0.88
4,55,0.90
4,56,0.88
4,57,0.89
4,58,0.89
4,59,0.89
4,60,0.89
4,61,0.90
4,62,0.88
4,63,0.90
4,64,0.94
4,65,0.88
4,66,0.87
4,67,0.87
4,68,0.86
4,69,0.87
4,70,0.87
4,71,0.87
4,72,0.86
4,73,0.88
4,74,0.88
4,75,0.89
4,76,0.89
4,77,0.89
4,78,0.88
4,79,0.89
4,80,0.89
4,81,0.86
4,82,0.85
4,83,0.86
4,84,0.85
4,85,0.91
4,86,0.89
4,87,0.90
4,88,0.89
4,89,0.87
4,90,0.86
4,91,0.87
4,92,0.86
4,93,0.87
4,94,0.87
4,95,0.89
4,96,0.90
4,97,0.72
4,98,0.71
4,99,0.72
4,100,0.72
4,101,0.72
4,102,0.76
4,103,0.77
4,104,0.75
4,105,0.75
4,106,0.75
4,107,0.76
4,108,0.75
4,109,0.75
4,110,0.75
4,111,0.76
4,112,0.77
4,113,0.75
4,114,0.75
4,115,0.75
4,116,0.74
4,117,0.76
4,118,0.76
4,119,0.76
4,120,0.75
4,121,0.75
4,122,0.74
4,123,0.75
4,124,0.75
4,125,0.75
4,126,0.75
4,127,0.76
4,128,0.81
4,129,0.80
4,130,0.80
4,131,0.80
4,132,0.79
4,133,0.80
4,134,0.79
4,135,0.79
4,136,0.79
4,137,0.78
4,138,0.78
4,139,0.79
4,140,0.79
4,141,0.79
4,142,0.79
4,143,0.79
4,144,0.80
4,145,0.79
4,146,0.78
4,147,0.79
4,148,0.78
4,149,0.79
4,150,0.78
4,151,0.79
4,152,0.78
4,153,0.77
4,154,0.78
4,155,0.78
4,156,0.78
4,157,0.78
4,158,0.78
4,159,0.79
4,160,0.81
4,161,0.78
4,162,0.78
4,163,0.78
4,164,0.77
4,165,0.77
4,166,0.77
4,167,0.78
4,168,0.77
4,169,0.76
4,170,0.84
4,171,0.85
4,172,0.84
4,173,0.84
4,174,0.84
4,175,0.85
4,176,0.84
4,177,0.84
4,178,0.84
4,179,0.84
4,180,0.83
4,181,0.83
4,182,0.83
4,183,0.84
4,184,0.83
4,185,0.83
4,186,0.83
4,187,0.83
4,188,0.82
4,189,0.83
4,190,0.83
4,191,0.85
4,192,0.85
4,193,0.85
4,194,0.84
4,195,0.84
4,196,0.84
4,197,0.84
4,198,0.84
4,199,0.84
4,200,0.83
4,201,0.75
4,202,0.76
4,203,0.76
4,204,0.76
4,205,0.76
4,206,0.76
4,207,0.76
4,208,0.77
4,209,0.76
4,210,0.76
4,211,0.75
4,212,0.75
4,213,0.75
4,214,0.76
4,215,0.75
4,216,0.75
4,217,0.75
4,218,0.75
4,219,0.75
4,220,0.75
4,221,0.75
4,222,0.76
4,223,0.75
4,224,0.77
4,225,0.75
4,226,0.75
4,227,0.74
4,228,0.74
4,229,0.74
4,230,0.74
4,231,0.74
4,232,0.74
4,233,0.74
4,234,0.74
4,235,0.74
4,236,0.74
4,237,0.74
4,238,0.74
4,239,0.74
4,240,0.75
4,241,0.74
4,242,0.74
4,243,0.74
4,244,0.74
4,245,0.74
4,246,0.74
4,247,0.74
4,248,0.74
4,249,0.74
4,250,0.74
4,251,0.74
4,252,0.74
4,253,0.73
4,254,0.74
4,255,0.86
4,256,0.86
5,1,0.14
5,2,0.35
5,3,0.44
5,4,0.51
5,5,0.60
5,6,0.65
5,7,0.59
5,8,0.61
5,9,0.68
5,10,0.72
5,11,0.77
5,12,0.79
5,13,0.74
5,14,0.74
5,15,0.81
5,16,0.81
5,17,0.85
5,18,0.83
5,19,0.89
5,20,0.79
5,21,0.83
5,22,0.82
5,23,0.85
5,24,0.85
5,25,0.88
5,26,0.83
5,27,0.86
5,28,0.85
5,29,0.88
5,30,0.88
5,31,0.90
5,32,0.92
5,33,0.86
5,34,0.86
5,35,0.88
5,36,0.86
5,37,0.89
5,38,0.89
5,39,0.84
5,40,0.85
5,41,0.86
5,42,0.85
5,43,0.88
5,44,0.88
5,45,0.86
5,46,0.85
5,47,0.89
5,48,0.89
5,49,0.88
5,50,0.88
5,51,0.93
5,52,0.85
5,53,0.86
5,54,0.84
5,55,0.85
5,56,0.84
5,57,0.89
5,58,0.86
5,59,0.86
5,60,0.85
5,61,0.86
5,62,0.85
5,63,0.87
5,64,0.91
5,65,0.87
5,66,0.86
5,67,0.87
5,68,0.86
5,69,0.87
5,70,0.87
5,71,0.84
5,72,0.83
5,73,0.88
5,74,0.87
5,75,0.88
5,76,0.87
5,77,0.73
5,78,0.72
5,79,0.73
5,80,0.73
5,81,0.73
5,82,0.73
5,83,0.73
5,84,0.71
5,85,0.76
5,86,0.76
5,87,0.76
5,88,0.75
5,89,0.75
5,90,0.74
5,91,0.75
5,92,0.74
5,93,0.74
5,94,0.74
5,95,0.76
5,96,0.77
5,97,0.76
5,98,0.75
5,99,0.76
5,100,0.75
5,101,0.75
5,102,0.80
5,103,0.79
5,104,0.78
5,105,0.78
5,106,0.78
5,107,0.78
5,108,0.78
5,109,0.78
5,110,0.77
5,111,0.78
5,112,0.79
5,113,0.79
5,114,0.78
5,115,0.78
5,116,0.77
5,117,0.78
5,118,0.78
5,119,0.78
5,120,0.77
5,121,0.78
5,122,0.77
5,123,0.77
5,124,0.77
5,125,0.77
5,126,0.77
5,127,0.78
5,128,0.85
5,129,0.83
5,130,0.82
5,131,0.83
5,132,0.82
5,133,0.82
5,134,0.82
5,135,0.82
5,136,0.81
5,137,0.82
5,138,0.81
5,139,0.82
5,140,0.82
5,141,0.81
5,142,0.81
5,143,0.82
5,144,0.82
5,145,0.82
5,146,0.81
5,147,0.81
5,148,0.80
5,149,0.81
5,150,0.81
5,151,0.81
5,152,0.81
5,153,0.81
5,154,0.81
5,155,0.81
5,156,0.80
5,157,0.81
5,158,0.81
5,159,0.82
5,160,0.83
5,161,0.75
5,162,0.75
5,163,0.75
5,164,0.75
5,165,0.74
5,166,0.75
5,167,0.73
5,168,0.74
5,169,0.74
5,170,0.82
5,171,0.82
5,172,0.82
5,173,0.82
5,174,0.81
5,175,0.82
5,176,0.82
5,177,0.82
5,178,0.82
5,179,0.81
5,180,0.80
5,181,0.80
5,182,0.80
5,183,0.80
5,184,0.80
5,185,0.80
5,186,0.79
5,187,0.80
5,188,0.80
5,189,0.80
5,190,0.80
5,191,0.80
5,192,0.82
5,193,0.81
5,194,0.80
5,195,0.80
5,196,0.80
5,197,0.80
5,198,0.79
5,199,0.80
5,200,0.80
5,201,0.80
5,202,0.80
5,203,0.80
5,204,0.80
6,1,0.14
6,2,0.39
6,3,0.47
6,4,0.52
6,5,0.59
6,6,0.55
6,7,0.62
6,8,0.63
6,9,0.70
6,10,0.74
6,11,0.69
6,12,0.72
6,13,0.78
6,14,0.78
6,15,0.85
6,16,0.84
6,17,0.80
6,18,0.79
6,19,0.85
6,20,0.83
6,21,0.87
6,22,0.80
6,23,0.82
6,24,0.82
6,25,0.85
6,26,0.86
6,27,0.84
6,28,0.82
6,29,0.86
6,30,0.86
6,31,0.88
6,32,0.90
6,33,0.84
6,34,0.85
6,35,0.86
6,36,0.85
6,37,0.88
6,38,0.84
6,39,0.85
6,40,0.86
6,41,0.87
6,42,0.86
6,43,0.84
6,44,0.83
6,45,0.84
6,46,0.84
6,47,0.88
6,48,0.87
6,49,0.84
6,50,0.84
6,51,0.89
6,52,0.87
6,53,0.88
6,54,0.83
6,55,0.84
6,56,0.83
6,57,0.88
6,58,0.87
6,59,0.85
6,60,0.84
6,61,0.85
6,62,0.84
6,63,0.85
6,64,0.90
6,65,0.73
6,66,0.73
6,67,0.73
6,68,0.73
6,69,0.73
6,70,0.72
6,71,0.72
6,72,0.72
6,73,0.75
6,74,0.76
6,75,0.75
6,76,0.74
6,77,0.75
6,78,0.74
6,79,0.75
6,80,0.76
6,81,0.75
6,82,0.74
6,83,0.75
6,84,0.74
6,85,0.80
6,86,0.78
6,87,0.78
6,88,0.77
6,89,0.77
6,90,0.77
6,91,0.77
6,92,0.77
6,93,0.77
6,94,0.76
6,95,0.77
6,96,0.79
6,97,0.78
6,98,0.77
6,99,0.78
6,100,0.77
6,101,0.77
6,102,0.81
6,103,0.82
6,104,0.81
6,105,0.81
6,106,0.81
6,107,0.80
6,108,0.79
6,109,0.80
6,110,0.80
6,111,0.81
6,112,0.81
6,113,0.80
6,114,0.80
6,115,0.80
6,116,0.79
6,117,0.80
6,118,0.79
6,119,0.79
6,120,0.79
6,121,0.79
6,122,0.79
6,123,0.79
6,124,0.79
6,125,0.79
6,126,0.79
6,127,0.80
6,128,0.87
6,129,0.87
6,130,0.86
6,131,0.85
6,132,0.85
6,133,0.86
6,134,0.79
6,135,0.79
6,136,0.79
6,137,0.79
6,138,0.79
6,139,0.78
6,140,0.78
6,141,0.78
6,142,0.79
6,143,0.78
6,144,0.79
6,145,0.79
6,146,0.79
6,147,0.78
6,148,0.79
6,149,0.78
6,150,0.78
6,151,0.77
6,152,0.77
6,153,0.77
6,154,0.78
6,155,0.77
6,156,0.77
6,157,0.77
6,158,0.78
6,159,0.78
6,160,0.79
6,161,0.78
6,162,0.78
6,163,0.77
6,164,0.77
6,165,0.77
6,166,0.77
6,167,0.77
6,168,0.78
6,169,0.77
6,170,0.86
7,1,0.14
7,2,0.40
7,3,0.46
7,4,0.51
7,5,0.53
7,6,0.56
7,7,0.63
7,8,0.64
7,9,0.70
7,10,0.66
7,11,0.72
7,12,0.74
7,13,0.80
7,14,0.72
7,15,0.79
7,16,0.79
7,17,0.83
7,18,0.81
7,19,0.81
7,20,0.79
7,21,0.84
7,22,0.82
7,23,0.80
7,24,0.79
7,25,0.83
7,26,0.83
7,27,0.87
7,28,0.80
7,29,0.84
7,30,0.84
7,31,0.85
7,32,0.88
7,33,0.84
7,34,0.85
7,35,0.86
7,36,0.85
7,37,0.83
7,38,0.81
7,39,0.82
7,40,0.83
7,41,0.84
7,42,0.81
7,43,0.85
7,44,0.84
7,45,0.86
7,46,0.81
7,47,0.85
7,48,0.84
7,49,0.84
7,50,0.84
7,51,0.86
7,52,0.84
7,53,0.86
7,54,0.84
7,55,0.70
7,56,0.69
7,57,0.73
7,58,0.72
7,59,0.73
7,60,0.71
7,61,0.72
7,62,0.71
7,63,0.72
7,64,0.76
7,65,0.75
7,66,0.74
7,67,0.74
7,68,0.74
7,69,0.74
7,70,0.74
7,71,0.74
7,72,0.73
7,73,0.77
7,74,0.76
7,75,0.77
7,76,0.77
7,77,0.77
7,78,0.76
7,79,0.76
7,80,0.77
7,81,0.77
7,82,0.76
7,83,0.76
7,84,0.75
7,85,0.81
7,86,0.80
7,87,0.80
7,88,0.79
7,89,0.79
7,90,0.79
7,91,0.80
7,92,0.78
7,93,0.78
7,94,0.78
7,95,0.79
7,96,0.80
7,97,0.79
7,98,0.79
7,99,0.79
7,100,0.78
7,101,0.78
7,102,0.83
7,103,0.83
7,104,0.82
7,105,0.83
7,106,0.82
7,107,0.83
7,108,0.82
7,109,0.82
7,110,0.82
7,111,0.83
7,112,0.84
7,113,0.84
7,114,0.83
7,115,0.76
7,116,0.77
7,117,0.77
7,118,0.77
7,119,0.76
7,120,0.76
7,121,0.76
7,122,0.77
7,123,0.77
7,124,0.77
7,125,0.77
7,126,0.77
7,127,0.77
7,128,0.84
7,129,0.82
7,130,0.82
7,131,0.82
7,132,0.82
7,133,0.81
7,134,0.82
7,135,0.81
7,136,0.82
7,137,0.81
7,138,0.81
7,139,0.80
7,140,0.81
7,141,0.81
7,142,0.81
7,143,0.81
7,144,0.82
7,145,0.81
7,146,0.81
8,1,0.14
8,2,0.39
8,3,0.45
8,4,0.49
8,5,0.54
8,6,0.57
8,7,0.64
8,8,0.64
8,9,0.66
8,10,0.68
8,11,0.74
8,12,0.76
8,13,0.75
8,14,0.75
8,15,0.82
8,16,0.81
8,17,0.79
8,18,0.78
8,19,0.84
8,20,0.82
8,21,0.81
8,22,0.79
8,23,0.82
8,24,0.81
8,25,0.80
8,26,0.81
8,27,0.84
8,28,0.83
8,29,0.84
8,30,0.84
8,31,0.85
8,32,0.88
8,33,0.81
8,34,0.82
8,35,0.84
8,36,0.82
8,37,0.84
8,38,0.83
8,39,0.84
8,40,0.83
8,41,0.82
8,42,0.81
8,43,0.86
8,44,0.84
8,45,0.82
8,46,0.81
8,47,0.86
8,48,0.85
8,49,0.70
8,50,0.70
8,51,0.74
8,52,0.72
8,53,0.73
8,54,0.72
8,55,0.72
8,56,0.71
8,57,0.74
8,58,0.73
8,59,0.75
8,60,0.74
8,61,0.74
8,62,0.73
8,63,0.74
8,64,0.78
8,65,0.77
8,66,0.76
8,67,0.76
8,68,0.76
8,69,0.76
8,70,0.75
8,71,0.76
8,72,0.75
8,73,0.79
8,74,0.78
8,75,0.80
8,76,0.78
8,77,0.78
8,78,0.78
8,79,0.79
8,80,0.79
8,81,0.78
8,82,0.77
8,83,0.78
8,84,0.77
8,85,0.82
8,86,0.81
8,87,0.82
8,88,0.80
8,89,0.80
8,90,0.80
8,91,0.81
8,92,0.80
8,93,0.80
8,94,0.79
8,95,0.81
8,96,0.82
8,97,0.82
8,98,0.81
8,99,0.81
8,100,0.81
8,101,0.75
8,102,0.82
8,103,0.81
8,104,0.81
8,105,0.80
8,106,0.80
8,107,0.80
8,108,0.80
8,109,0.80
8,110,0.80
8,111,0.80
8,112,0.80
8,113,0.79
8,114,0.79
8,115,0.78
8,116,0.79
8,117,0.79
8,118,0.79
8,119,0.79
8,120,0.79
8,121,0.78
8,122,0.78
8,123,0.78
8,124,0.78
8,125,0.78
8,126,0.79
8,127,0.79
8,128,0.87
9,1,0.14
9,2,0.37
9,3,0.42
9,4,0.44
9,5,0.54
9,6,0.55
9,7,0.62
9,8,0.59
9,9,0.66
9,10,0.68
9,11,0.68
9,12,0.70
9,13,0.76
9,14,0.76
9,15,0.77
9,16,0.77
9,17,0.80
9,18,0.74
9,19,0.79
9,20,0.78
9,21,0.82
9,22,0.76
9,23,0.78
9,24,0.78
9,25,0.79
9,26,0.79
9,27,0.83
9,28,0.82
9,29,0.79
9,30,0.80
9,31,0.81
9,32,0.84
9,33,0.81
9,34,0.82
9,35,0.84
9,36,0.78
9,37,0.82
9,38,0.81
9,39,0.82
9,40,0.80
9,41,0.81
9,42,0.80
9,43,0.70
9,44,0.69
9,45,0.70
9,46,0.70
9,47,0.72
9,48,0.72
9,49,0.71
9,50,0.70
9,51,0.75
9,52,0.73
9,53,0.74
9,54,0.72
9,55,0.73
9,56,0.72
9,57,0.75
9,58,0.74
9,59,0.75
9,60,0.74
9,61,0.74
9,62,0.74
9,63,0.75
9,64,0.79
9,65,0.78
9,66,0.77
9,67,0.77
9,68,0.76
9,69,0.77
9,70,0.76
9,71,0.77
9,72,0.75
9,73,0.79
9,74,0.79
9,75,0.80
9,76,0.79
9,77,0.79
9,78,0.78
9,79,0.79
9,80,0.80
9,81,0.79
9,82,0.78
9,83,0.79
9,84,0.78
9,85,0.83
9,86,0.83
9,87,0.84
9,88,0.82
9,89,0.78
9,90,0.79
9,91,0.78
9,92,0.79
9,93,0.78
9,94,0.78
9,95,0.78
9,96,0.80
9,97,0.79
9,98,0.79
9,99,0.78
9,100,0.77
9,101,0.77
9,102,0.83
9,103,0.82
9,104,0.82
9,105,0.82
9,106,0.83
9,107,0.81
9,108,0.82
9,109,0.81
9,110,0.82
9,111,0.81
9,112,0.83
9,113,0.82
10,1,0.14
10,2,0.35
10,3,0.40
10,4,0.43
10,5,0.52
10,6,0.53
10,7,0.58
10,8,0.59
10,9,0.66
10,10,0.63
10,11,0.69
10,12,0.71
10,13,0.72
10,14,0.72
10,15,0.77
10,16,0.77
10,17,0.76
10,18,0.75
10,19,0.80
10,20,0.75
10,21,0.78
10,22,0.77
10,23,0.77
10,24,0.77
10,25,0.80
10,26,0.76
10,27,0.79
10,28,0.78
10,29,0.79
10,30,0.79
10,31,0.80
10,32,0.83
10,33,0.80
10,34,0.80
10,35,0.83
10,36,0.78
10,37,0.81
10,38,0.80
10,39,0.67
10,40,0.68
10,41,0.69
10,42,0.68
10,43,0.71
10,44,0.70
10,45,0.70
10,46,0.70
10,47,0.74
10,48,0.73
10,49,0.72
10,50,0.72
10,51,0.77
10,52,0.73
10,53,0.74
10,54,0.73
10,55,0.74
10,56,0.73
10,57,0.77
10,58,0.75
10,59,0.77
10,60,0.75
10,61,0.76
10,62,0.75
10,63,0.76
10,64,0.80
10,65,0.79
10,66,0.77
10,67,0.78
10,68,0.77
10,69,0.78
10,70,0.77
10,71,0.77
10,72,0.77
10,73,0.80
10,74,0.80
10,75,0.82
10,76,0.80
10,77,0.81
10,78,0.81
10,79,0.81
10,80,0.82
10,81,0.77
10,82,0.78
10,83,0.77
10,84,0.77
10,85,0.82
10,86,0.82
10,87,0.81
10,88,0.81
10,89,0.81
10,90,0.80
10,91,0.79
10,92,0.80
10,93,0.80
10,94,0.80
10,95,0.80
10,96,0.82
10,97,0.80
10,98,0.80
10,99,0.80
10,100,0.80
10,101,0.80
10,102,0.86
11,1,0.14
11,2,0.33
11,3,0.39
11,4,0.41
11,5,0.51
11,6,0.50
11,7,0.59
11,8,0.59
11,9,0.62
11,10,0.63
11,11,0.70
11,12,0.67
11,13,0.73
11,14,0.72
11,15,0.73
11,16,0.74
11,17,0.77
11,18,0.72
11,19,0.77
11,20,0.76
11,21,0.77
11,22,0.76
11,23,0.78
11,24,0.73
11,25,0.76
11,26,0.77
11,27,0.79
11,28,0.77
11,29,0.81
11,30,0.78
11,31,0.79
11,32,0.82
11,33,0.79
11,34,0.79
11,35,0.67
11,36,0.66
11,37,0.70
11,38,0.67
11,39,0.68
11,40,0.69
11,41,0.69
11,42,0.68
11,43,0.72
11,44,0.71
11,45,0.72
11,46,0.71
11,47,0.74
11,48,0.74
11,49,0.73
11,50,0.72
11,51,0.77
11,52,0.75
11,53,0.75
11,54,0.74
11,55,0.75
11,56,0.73
11,57,0.78
11,58,0.77
11,59,0.76
11,60,0.75
11,61,0.77
11,62,0.75
11,63,0.77
11,64,0.81
11,65,0.79
11,66,0.78
11,67,0.79
11,68,0.78
11,69,0.79
11,70,0.79
11,71,0.79
11,72,0.79
11,73,0.79
11,74,0.80
11,75,0.80
11,76,0.79
11,77,0.79
11,78,0.79
11,79,0.79
11,80,0.80
11,81,0.79
11,82,0.78
11,83,0.78
11,84,0.78
11,85,0.83
11,86,0.83
11,87,0.83
11,88,0.81
11,89,0.81
11,90,0.82
11,91,0.81
11,92,0.82
11,93,0.82
12,1,0.14
12,2,0.32
12,3,0.39
12,4,0.40
12,5,0.49
12,6,0.49
12,7,0.58
12,8,0.58
12,9,0.62
12,10,0.63
12,11,0.66
12,12,0.67
12,13,0.73
12,14,0.68
12,15,0.74
12,16,0.74
12,17,0.73
12,18,0.72
12,19,0.75
12,20,0.74
12,21,0.78
12,22,0.72
12,23,0.75
12,24,0.74
12,25,0.75
12,26,0.76
12,27,0.77
12,28,0.76
12,29,0.80
12,30,0.77
12,31,0.78
12,32,0.81
12,33,0.67
12,34,0.68
12,35,0.69
12,36,0.67
12,37,0.70
12,38,0.68
12,39,0.69
12,40,0.69
12,41,0.70
12,42,0.70
12,43,0.72
12,44,0.72
12,45,0.73
12,46,0.71
12,47,0.75
12,48,0.75
12,49,0.73
12,50,0.73
12,51,0.78
12,52,0.76
12,53,0.77
12,54,0.74
12,55,0.75
12,56,0.74
12,57,0.78
12,58,0.77
12,59,0.78
12,60,0.77
12,61,0.78
12,62,0.76
12,63,0.78
12,64,0.82
12,65,0.82
12,66,0.81
12,67,0.77
12,68,0.78
12,69,0.78
12,70,0.77
12,71,0.77
12,72,0.77
12,73,0.81
12,74,0.82
12,75,0.80
12,76,0.80
12,77,0.80
12,78,0.80
12,79,0.80
12,80,0.81
12,81,0.79
12,82,0.80
12,83,0.80
12,84,0.80
12,85,0.85
13,1,0.14
13,2,0.30
13,3,0.37
13,4,0.39
13,5,0.48
13,6,0.48
13,7,0.56
13,8,0.55
13,9,0.61
13,10,0.60
13,11,0.66
13,12,0.66
13,13,0.69
13,14,0.68
13,15,0.70
13,16,0.71
13,17,0.74
13,18,0.70
13,19,0.76
13,20,0.71
13,21,0.74
13,22,0.73
13,23,0.74
13,24,0.72
13,25,0.74
13,26,0.74
13,27,0.79
13,28,0.74
13,29,0.78
13,30,0.65
13,31,0.67
13,32,0.69
13,33,0.68
13,34,0.68
13,35,0.69
13,36,0.67
13,37,0.71
13,38,0.69
13,39,0.70
13,40,0.69
13,41,0.71
13,42,0.70
13,43,0.74
13,44,0.73
13,45,0.73
13,46,0.72
13,47,0.76
13,48,0.76
13,49,0.75
13,50,0.73
13,51,0.78
13,52,0.76
13,53,0.77
13,54,0.76
13,55,0.76
13,56,0.75
13,57,0.79
13,58,0.78
13,59,0.79
13,60,0.79
13,61,0.80
13,62,0.76
13,63,0.76
13,64,0.81
13,65,0.80
13,66,0.80
13,67,0.79
13,68,0.79
13,69,0.78
13,70,0.78
13,71,0.78
13,72,0.78
13,73,0.82
13,74,0.82
13,75,0.82
13,76,0.81
13,77,0.81
13,78,0.81
14,1,0.14
14,2,0.29
14,3,0.36
14,4,0.37
14,5,0.47
14,6,0.47
14,7,0.54
14,8,0.55
14,9,0.61
14,10,0.60
14,11,0.66
14,12,0.63
14,13,0.69
14,14,0.65
14,15,0.71
14,16,0.72
14,17,0.72
14,18,0.71
14,19,0.73
14,20,0.71
14,21,0.73
14,22,0.72
14,23,0.73
14,24,0.72
14,25,0.75
14,26,0.73
14,27,0.78
14,28,0.63
14,29,0.66
14,30,0.66
14,31,0.67
14,32,0.69
14,33,0.68
14,34,0.69
14,35,0.70
14,36,0.68
14,37,0.71
14,38,0.69
14,39,0.70
14,40,0.71
14,41,0.72
14,42,0.71
14,43,0.75
14,44,0.73
14,45,0.74
14,46,0.72
14,47,0.76
14,48,0.76
14,49,0.75
14,50,0.74
14,51,0.79
14,52,0.77
14,53,0.77
14,54,0.76
14,55,0.78
14,56,0.77
14,57,0.81
14,58,0.79
14,59,0.78
14,60,0.78
14,61,0.78
14,62,0.77
14,63,0.78
14,64,0.83
14,65,0.81
14,66,0.80
14,67,0.80
14,68,0.80
14,69,0.79
14,70,0.79
14,71,0.79
14,72,0.79
14,73,0.84
15,1,0.14
15,2,0.27
15,3,0.35
15,4,0.36
15,5,0.45
15,6,0.45
15,7,0.53
15,8,0.54
15,9,0.58
15,10,0.59
15,11,0.62
15,12,0.63
15,13,0.66
15,14,0.65
15,15,0.69
15,16,0.71
15,17,0.73
15,18,0.68
15,19,0.74
15,20,0.70
15,21,0.74
15,22,0.70
15,23,0.73
15,24,0.70
15,25,0.74
15,26,0.62
15,27,0.66
15,28,0.64
15,29,0.67
15,30,0.67
15,31,0.68
15,32,0.70
15,33,0.69
15,34,0.70
15,35,0.70
15,36,0.69
15,37,0.73
15,38,0.71
15,39,0.71
15,40,0.72
15,41,0.72
15,42,0.72
15,43,0.75
15,44,0.73
15,45,0.74
15,46,0.73
15,47,0.77
15,48,0.77
15,49,0.76
15,50,0.75
15,51,0.80
15,52,0.78
15,53,0.80
15,54,0.77
15,55,0.77
15,56,0.76
15,57,0.80
15,58,0.79
15,59,0.80
15,60,0.78
15,61,0.79
15,62,0.78
15,63,0.78
15,64,0.83
15,65,0.82
15,66,0.82
15,67,0.82
15,68,0.81
16,1,0.14
16,2,0.26
16,3,0.33
16,4,0.35
16,5,0.44
16,6,0.44
16,7,0.52
16,8,0.53
16,9,0.57
16,10,0.58
16,11,0.62
16,12,0.62
16,13,0.66
16,14,0.65
16,15,0.70
16,16,0.72
16,17,0.70
16,18,0.69
16,19,0.72
16,20,0.71
16,21,0.72
16,22,0.71
16,23,0.72
16,24,0.71
16,25,0.62
16,26,0.64
16,27,0.66
16,28,0.65
16,29,0.68
16,30,0.68
16,31,0.69
16,32,0.71
16,33,0.70
16,34,0.71
16,35,0.72
16,36,0.70
16,37,0.73
16,38,0.72
16,39,0.72
16,40,0.73
16,41,0.73
16,42,0.72
16,43,0.76
16,44,0.75
16,45,0.76
16,46,0.74
16,47,0.79
16,48,0.78
16,49,0.78
16,50,0.78
16,51,0.80
16,52,0.80
16,53,0.78
16,54,0.78
16,55,0.77
16,56,0.77
16,57,0.80
16,58,0.80
16,59,0.80
16,60,0.80
16,61,0.79
16,62,0.79
16,63,0.79
16,64,0.85
17,1,0.14
17,2,0.30
17,3,0.32
17,4,0.35
17,5,0.43
17,6,0.44
17,7,0.51
17,8,0.52
17,9,0.57
17,10,0.56
17,11,0.61
17,12,0.60
17,13,0.66
17,14,0.64
17,15,0.70
17,16,0.69
17,17,0.69
17,18,0.68
17,19,0.71
17,20,0.70
17,21,0.71
17,22,0.70
17,23,0.61
17,24,0.61
17,25,0.63
17,26,0.64
17,27,0.67
17,28,0.66
17,29,0.68
17,30,0.69
17,31,0.69
17,32,0.72
17,33,0.71
17,34,0.71
17,35,0.72
17,36,0.70
17,37,0.74
17,38,0.71
17,39,0.72
17,40,0.73
17,41,0.74
17,42,0.73
17,43,0.77
17,44,0.75
17,45,0.76
17,46,0.76
17,47,0.80
17,48,0.79
17,49,0.76
17,50,0.77
17,51,0.81
17,52,0.80
17,53,0.79
17,54,0.78
17,55,0.78
17,56,0.78
17,57,0.81
17,58,0.81
17,59,0.81
17,60,0.81
18,1,0.14
18,2,0.29
18,3,0.31
18,4,0.35
18,5,0.41
18,6,0.43
18,7,0.49
18,8,0.51
18,9,0.54
18,10,0.55
18,11,0.59
18,12,0.60
18,13,0.65
18,14,0.63
18,15,0.68
18,16,0.70
18,17,0.69
18,18,0.66
18,19,0.72
18,20,0.68
18,21,0.72
18,22,0.60
18,23,0.62
18,24,0.61
18,25,0.63
18,26,0.64
18,27,0.67
18,28,0.66
18,29,0.68
18,30,0.69
18,31,0.70
18,32,0.73
18,33,0.71
18,34,0.71
18,35,0.72
18,36,0.70
18,37,0.74
18,38,0.72
18,39,0.73
18,40,0.73
18,41,0.73
18,42,0.73
18,43,0.78
18,44,0.77
18,45,0.76
18,46,0.76
18,47,0.79
18,48,0.79
18,49,0.78
18,50,0.76
18,51,0.81
18,52,0.79
18,53,0.79
18,54,0.78
18,55,0.78
18,56,0.78
19,1,0.14
19,2,0.27
19,3,0.30
19,4,0.34
19,5,0.40
19,6,0.42
19,7,0.49
19,8,0.51
19,9,0.54
19,10,0.54
19,11,0.59
19,12,0.59
19,13,0.65
19,14,0.62
19,15,0.68
19,16,0.69
19,17,0.68
19,18,0.67
19,19,0.70
19,20,0.69
19,21,0.61
19,22,0.60
19,23,0.62
19,24,0.61
19,25,0.64
19,26,0.64
19,27,0.67
19,28,0.66
19,29,0.69
19,30,0.70
19,31,0.71
19,32,0.73
19,33,0.72
19,34,0.71
19,35,0.73
19,36,0.71
19,37,0.75
19,38,0.73
19,39,0.73
19,40,0.74
19,41,0.75
19,42,0.75
19,43,0.78
19,44,0.76
19,45,0.77
19,46,0.76
19,47,0.80
19,48,0.79
19,49,0.78
19,50,0.77
19,51,0.82
19,52,0.80
19,53,0.80
20,1,0.14
20,2,0.26
20,3,0.29
20,4,0.33
20,5,0.40
20,6,0.41
20,7,0.48
20,8,0.50
20,9,0.54
20,10,0.54
20,11,0.59
20,12,0.59
20,13,0.63
20,14,0.62
20,15,0.67
20,16,0.70
20,17,0.69
20,18,0.66
20,19,0.71
20,20,0.60
20,21,0.62
20,22,0.61
20,23,0.62
20,24,0.62
20,25,0.64
20,26,0.65
20,27,0.68
20,28,0.67
20,29,0.70
20,30,0.70
20,31,0.71
20,32,0.74
20,33,0.71
20,34,0.71
20,35,0.73
20,36,0.71
20,37,0.75
20,38,0.73
20,39,0.74
20,40,0.75
20,41,0.75
20,42,0.74
20,43,0.78
20,44,0.77
20,45,0.76
20,46,0.76
20,47,0.80
20,48,0.80
20,49,0.78
20,50,0.78
20,51,0.83
21,1,0.14
21,2,0.26
21,3,0.29
21,4,0.33
21,5,0.40
21,6,0.41
21,7,0.47
21,8,0.49
21,9,0.53
21,10,0.54
21,11,0.58
21,12,0.58
21,13,0.63
21,14,0.61
21,15,0.67
21,16,0.69
21,17,0.67
21,18,0.67
21,19,0.61
21,20,0.60
21,21,0.63
21,22,0.61
21,23,0.63
21,24,0.63
21,25,0.65
21,26,0.66
21,27,0.69
21,28,0.67
21,29,0.70
21,30,0.70
21,31,0.71
21,32,0.73
21,33,0.72
21,34,0.72
21,35,0.74
21,36,0.71
21,37,0.76
21,38,0.75
21,39,0.73
21,40,0.75
21,41,0.75
21,42,0.75
21,43,0.78
21,44,0.77
21,45,0.77
21,46,0.76
21,47,0.80
21,48,0.80
22,1,0.14
22,2,0.25
22,3,0.30
22,4,0.33
22,5,0.39
22,6,0.41
22,7,0.46
22,8,0.48
22,9,0.52
22,10,0.53
22,11,0.57
22,12,0.57
22,13,0.63
22,14,0.61
22,15,0.66
22,16,0.70
22,17,0.68
22,18,0.58
22,19,0.61
22,20,0.61
22,21,0.62
22,22,0.61
22,23,0.63
22,24,0.63
22,25,0.66
22,26,0.66
22,27,0.69
22,28,0.68
22,29,0.71
22,30,0.70
22,31,0.71
22,32,0.74
22,33,0.72
22,34,0.72
22,35,0.75
22,36,0.73
22,37,0.76
22,38,0.73
22,39,0.74
22,40,0.75
22,41,0.75
22,42,0.74
22,43,0.78
22,44,0.76
22,45,0.78
22,46,0.77
23,1,0.14
23,2,0.24
23,3,0.29
23,4,0.32
23,5,0.38
23,6,0.41
23,7,0.45
23,8,0.48
23,9,0.52
23,10,0.52
23,11,0.57
23,12,0.58
23,13,0.62
23,14,0.61
23,15,0.67
23,16,0.69
23,17,0.58
23,18,0.58
23,19,0.61
23,20,0.61
23,21,0.63
23,22,0.62
23,23,0.64
23,24,0.64
23,25,0.66
23,26,0.67
23,27,0.70
23,28,0.67
23,29,0.70
23,30,0.70
23,31,0.72
23,32,0.74
23,33,0.73
23,34,0.74
23,35,0.74
23,36,0.73
23,37,0.76
23,38,0.75
23,39,0.73
23,40,0.75
23,41,0.76
23,42,0.74
23,43,0.79
23,44,0.78
24,1,0.14
24,2,0.23
24,3,0.29
24,4,0.32
24,5,0.38
24,6,0.41
24,7,0.45
24,8,0.47
24,9,0.52
24,10,0.53
24,11,0.57
24,12,0.58
24,13,0.63
24,14,0.62
24,15,0.66
24,16,0.70
24,17,0.59
24,18,0.59
24,19,0.62
24,20,0.62
24,21,0.64
24,22,0.63
24,23,0.65
24,24,0.65
24,25,0.67
24,26,0.67
24,27,0.70
24,28,0.68
24,29,0.72
24,30,0.72
24,31,0.72
24,32,0.76
24,33,0.75
24,34,0.75
24,35,0.75
24,36,0.74
24,37,0.77
24,38,0.75
24,39,0.75
24,40,0.76
24,41,0.76
24,42,0.76
25,1,0.14
25,2,0.22
25,3,0.28
25,4,0.33
25,5,0.37
25,6,0.40
25,7,0.44
25,8,0.47
25,9,0.51
25,10,0.52
25,11,0.56
25,12,0.57
25,13,0.62
25,14,0.61
25,15,0.66
25,16,0.61
25,17,0.59
25,18,0.59
25,19,0.62
25,20,0.62
25,21,0.64
25,22,0.63
25,23,0.65
25,24,0.65
25,25,0.67
25,26,0.67
25,27,0.70
25,28,0.69
25,29,0.71
25,30,0.71
25,31,0.73
25,32,0.76
25,33,0.74
25,34,0.74
25,35,0.76
25,36,0.73
25,37,0.77
25,38,0.75
25,39,0.75
25,40,0.76
26,1,0.14
26,2,0.21
26,3,0.28
26,4,0.33
26,5,0.38
26,6,0.40
26,7,0.44
26,8,0.47
26,9,0.51
26,10,0.52
26,11,0.57
26,12,0.57
26,13,0.62
26,14,0.61
26,15,0.57
26,16,0.61
26,17,0.60
26,18,0.59
26,19,0.62
26,20,0.62
26,21,0.64
26,22,0.64
26,23,0.65
26,24,0.65
26,25,0.67
26,26,0.67
26,27,0.71
26,28,0.69
26,29,0.72
26,30,0.73
26,31,0.73
26,32,0.76
26,33,0.74
26,34,0.76
26,35,0.76
26,36,0.74
26,37,0.77
26,38,0.76
26,39,0.75
27,1,0.14
27,2,0.21
27,3,0.27
27,4,0.33
27,5,0.38
27,6,0.40
27,7,0.43
27,8,0.47
27,9,0.51
27,10,0.52
27,11,0.56
27,12,0.57
27,13,0.62
27,14,0.61
27,15,0.58
27,16,0.61
27,17,0.60
27,18,0.59
27,19,0.63
27,20,0.63
27,21,0.65
27,22,0.64
27,23,0.66
27,24,0.65
27,25,0.68
27,26,0.68
27,27,0.71
27,28,0.69
27,29,0.73
27,30,0.73
27,31,0.74
27,32,0.77
27,33,0.75
27,34,0.75
27,35,0.76
27,36,0.74
27,37,0.78
28,1,0.13
28,2,0.20
28,3,0.27
28,4,0.33
28,5,0.37
28,6,0.40
28,7,0.44
28,8,0.46
28,9,0.51
28,10,0.52
28,11,0.56
28,12,0.57
28,13,0.61
28,14,0.54
28,15,0.58
28,16,0.61
28,17,0.60
28,18,0.60
28,19,0.63
28,20,0.63
28,21,0.65
28,22,0.64
28,23,0.65
28,24,0.65
28,25,0.68
28,26,0.68
28,27,0.71
28,28,0.70
28,29,0.72
28,30,0.72
28,31,0.73
28,32,0.77
28,33,0.74
28,34,0.75
28,35,0.76
28,36,0.74
29,1,0.13
29,2,0.20
29,3,0.26
29,4,0.33
29,5,0.37
29,6,0.40
29,7,0.43
29,8,0.46
29,9,0.50
29,10,0.51
29,11,0.56
29,12,0.57
29,13,0.62
29,14,0.55
29,15,0.59
29,16,0.61
29,17,0.60
29,18,0.60
29,19,0.64
29,20,0.63
29,21,0.65
29,22,0.65
29,23,0.66
29,24,0.66
29,25,0.68
29,26,0.68
29,27,0.72
29,28,0.70
29,29,0.73
29,30,0.74
29,31,0.73
29,32,0.76
29,33,0.75
29,34,0.76
29,35,0.77
30,1,0.13
30,2,0.19
30,3,0.26
30,4,0.32
30,5,0.36
30,6,0.39
30,7,0.43
30,8,0.46
30,9,0.50
30,10,0.51
30,11,0.56
30,12,0.57
30,13,0.54
30,14,0.55
30,15,0.57
30,16,0.61
30,17,0.60
30,18,0.61
30,19,0.64
30,20,0.64
30,21,0.66
30,22,0.64
30,23,0.66
30,24,0.66
30,25,0.68
30,26,0.69
30,27,0.72
30,28,0.71
30,29,0.74
30,30,0.73
30,31,0.74
30,32,0.77
30,33,0.75
30,34,0.76
31,1,0.13
31,2,0.19
31,3,0.26
31,4,0.32
31,5,0.37
31,6,0.40
31,7,0.43
31,8,0.46
31,9,0.50
31,10,0.51
31,11,0.56
31,12,0.57
31,13,0.54
31,14,0.55
31,15,0.58
31,16,0.61
31,17,0.61
31,18,0.61
31,19,0.64
31,20,0.64
31,21,0.65
31,22,0.64
31,23,0.66
31,24,0.65
31,25,0.69
31,26,0.69
31,27,0.72
31,28,0.71
31,29,0.73
31,30,0.73
31,31,0.74
31,32,0.77
31,33,0.75
32,1,0.13
32,2,0.18
32,3,0.25
32,4,0.32
32,5,0.36
32,6,0.39
32,7,0.42
32,8,0.46
32,9,0.50
32,10,0.51
32,11,0.56
32,12,0.57
32,13,0.55
32,14,0.56
32,15,0.58
32,16,0.62
32,17,0.62
32,18,0.62
32,19,0.65
32,20,0.65
32,21,0.66
32,22,0.66
32,23,0.67
32,24,0.67
32,25,0.70
32,26,0.71
32,27,0.73
32,28,0.72
32,29,0.73
32,30,0.74
32,31,0.75
32,32,0.78
33,1,0.14
33,2,0.19
33,3,0.27
33,4,0.34
33,5,0.37
33,6,0.40
33,7,0.42
33,8,0.46
33,9,0.50
33,10,0.51
33,11,0.56
33,12,0.53
33,13,0.55
33,14,0.55
33,15,0.58
33,16,0.62
33,17,0.62
33,18,0.61
33,19,0.65
33,20,0.64
33,21,0.66
33,22,0.65
33,23,0.67
33,24,0.67
33,25,0.69
33,26,0.70
33,27,0.73
33,28,0.71
33,29,0.74
33,30,0.74
33,31,0.75
34,1,0.14
34,2,0.19
34,3,0.26
34,4,0.34
34,5,0.36
34,6,0.40
34,7,0.42
34,8,0.46
34,9,0.50
34,10,0.51
34,11,0.56
34,12,0.53
34,13,0.56
34,14,0.55
34,15,0.59
34,16,0.63
34,17,0.63
34,18,0.62
34,19,0.65
34,20,0.64
34,21,0.66
34,22,0.65
34,23,0.68
34,24,0.68
34,25,0.69
34,26,0.70
34,27,0.73
34,28,0.71
34,29,0.74
34,30,0.74
35,1,0.14
35,2,0.19
35,3,0.26
35,4,0.34
35,5,0.36
35,6,0.40
35,7,0.42
35,8,0.46
35,9,0.50
35,10,0.52
35,11,0.50
35,12,0.53
35,13,0.55
35,14,0.56
35,15,0.60
35,16,0.63
35,17,0.63
35,18,0.62
35,19,0.65
35,20,0.65
35,21,0.67
35,22,0.66
35,23,0.68
35,24,0.67
35,25,0.70
35,26,0.69
35,27,0.73
35,28,0.71
35,29,0.74
36,1,0.14
36,2,0.18
36,3,0.26
36,4,0.34
36,5,0.36
36,6,0.40
36,7,0.42
36,8,0.46
36,9,0.49
36,10,0.51
36,11,0.50
36,12,0.53
36,13,0.55
36,14,0.56
36,15,0.60
36,16,0.63
36,17,0.62
36,18,0.61
36,19,0.65
36,20,0.64
36,21,0.66
36,22,0.66
36,23,0.68
36,24,0.67
36,25,0.68
36,26,0.69
36,27,0.72
36,28,0.71
37,1,0.14
37,2,0.18
37,3,0.26
37,4,0.34
37,5,0.36
37,6,0.40
37,7,0.43
37,8,0.45
37,9,0.49
37,10,0.51
37,11,0.51
37,12,0.53
37,13,0.55
37,14,0.56
37,15,0.60
37,16,0.64
37,17,0.63
37,18,0.62
37,19,0.66
37,20,0.65
37,21,0.67
37,22,0.67
37,23,0.68
37,24,0.68
37,25,0.69
37,26,0.70
37,27,0.73
38,1,0.14
38,2,0.18
38,3,0.26
38,4,0.34
38,5,0.36
38,6,0.41
38,7,0.43
38,8,0.46
38,9,0.49
38,10,0.51
38,11,0.50
38,12,0.52
38,13,0.56
38,14,0.57
38,15,0.61
38,16,0.64
38,17,0.63
38,18,0.62
38,19,0.66
38,20,0.65
38,21,0.68
38,22,0.67
38,23,0.68
38,24,0.67
38,25,0.69
38,26,0.70
39,1,0.14
39,2,0.18
39,3,0.25
39,4,0.34
39,5,0.37
39,6,0.40
39,7,0.42
39,8,0.45
39,9,0.49
39,10,0.47
39,11,0.49
39,12,0.52
39,13,0.55
39,14,0.56
39,15,0.60
39,16,0.64
39,17,0.62
39,18,0.62
39,19,0.65
39,20,0.65
39,21,0.67
39,22,0.67
39,23,0.67
39,24,0.66
39,25,0.69
39,26,0.70
40,1,0.14
40,2,0.17
40,3,0.25
40,4,0.34
40,5,0.37
40,6,0.40
40,7,0.42
40,8,0.46
40,9,0.49
40,10,0.48
40,11,0.50
40,12,0.53
40,13,0.56
40,14,0.57
40,15,0.61
40,16,0.64
40,17,0.63
40,18,0.63
40,19,0.66
40,20,0.67
40,21,0.68
40,22,0.68
40,23,0.68
40,24,0.68
40,25,0.70
41,1,0.14
41,2,0.17
41,3,0.25
41,4,0.34
41,5,0.37
41,6,0.40
41,7,0.43
41,8,0.46
41,9,0.50
41,10,0.48
41,11,0.50
41,12,0.53
41,13,0.56
41,14,0.57
41,15,0.61
41,16,0.64
41,17,0.64
41,18,0.63
41,19,0.67
41,20,0.66
41,21,0.68
41,22,0.66
41,23,0.68
41,24,0.67
42,1,0.14
42,2,0.17
42,3,0.25
42,4,0.34
42,5,0.37
42,6,0.40
42,7,0.42
42,8,0.46
42,9,0.49
42,10,0.47
42,11,0.50
42,12,0.53
42,13,0.56
42,14,0.57
42,15,0.61
42,16,0.65
42,17,0.63
42,18,0.63
42,19,0.67
42,20,0.66
42,21,0.68
42,22,0.66
42,23,0.68
42,24,0.67
43,1,0.14
43,2,0.17
43,3,0.27
43,4,0.34
43,5,0.37
43,6,0.41
43,7,0.42
43,8,0.45
43,9,0.44
43,10,0.47
43,11,0.50
43,12,0.54
43,13,0.57
43,14,0.58
43,15,0.61
43,16,0.65
43,17,0.64
43,18,0.64
43,19,0.67
43,20,0.67
43,21,0.68
43,22,0.67
43,23,0.69
44,1,0.14
44,2,0.17
44,3,0.27
44,4,0.34
44,5,0.37
44,6,0.41
44,7,0.42
44,8,0.46
44,9,0.44
44,10,0.47
44,11,0.50
44,12,0.54
44,13,0.57
44,14,0.58
44,15,0.61
44,16,0.65
44,17,0.64
44,18,0.64
44,19,0.67
44,20,0.67
44,21,0.68
44,22,0.67
44,23,0.69
45,1,0.14
45,2,0.17
45,3,0.27
45,4,0.34
45,5,0.37
45,6,0.41
45,7,0.42
45,8,0.46
45,9,0.44
45,10,0.47
45,11,0.51
45,12,0.54
45,13,0.57
45,14,0.58
45,15,0.61
45,16,0.65
45,17,0.64
45,18,0.64
45,19,0.67
45,20,0.65
45,21,0.68
45,22,0.67
46,1,0.14
46,2,0.17
46,3,0.27
46,4,0.34
46,5,0.37
46,6,0.41
46,7,0.42
46,8,0.45
46,9,0.44
46,10,0.47
46,11,0.50
46,12,0.54
46,13,0.57
46,14,0.57
46,15,0.62
46,16,0.65
46,17,0.64
46,18,0.64
46,19,0.67
46,20,0.65
46,21,0.67
46,22,0.67
47,1,0.14
47,2,0.16
47,3,0.27
47,4,0.34
47,5,0.37
47,6,0.42
47,7,0.42
47,8,0.46
47,9,0.44
47,10,0.47
47,11,0.51
47,12,0.55
47,13,0.58
47,14,0.58
47,15,0.62
47,16,0.66
47,17,0.65
47,18,0.65
47,19,0.68
47,20,0.66
47,21,0.69
48,1,0.14
48,2,0.16
48,3,0.26
48,4,0.34
48,5,0.37
48,6,0.41
48,7,0.42
48,8,0.46
48,9,0.44
48,10,0.47
48,11,0.51
48,12,0.55
48,13,0.58
48,14,0.58
48,15,0.62
48,16,0.66
48,17,0.65
48,18,0.65
48,19,0.67
48,20,0.66
48,21,0.69
49,1,0.14
49,2,0.17
49,3,0.26
49,4,0.35
49,5,0.36
49,6,0.41
49,7,0.42
49,8,0.42
49,9,0.44
49,10,0.47
49,11,0.52
49,12,0.54
49,13,0.58
49,14,0.58
49,15,0.62
49,16,0.66
49,17,0.64
49,18,0.64
49,19,0.66
49,20,0.66
50,1,0.14
50,2,0.17
50,3,0.26
50,4,0.35
50,5,0.36
50,6,0.41
50,7,0.42
50,8,0.42
50,9,0.44
50,10,0.47
50,11,0.51
50,12,0.55
50,13,0.57
50,14,0.58
50,15,0.62
50,16,0.66
50,17,0.64
50,18,0.63
50,19,0.66
50,20,0.65
51,1,0.13
51,2,0.17
51,3,0.26
51,4,0.35
51,5,0.36
51,6,0.41
51,7,0.42
51,8,0.42
51,9,0.44
51,10,0.48
51,11,0.52
51,12,0.55
51,13,0.58
51,14,0.58
51,15,0.63
51,16,0.67
51,17,0.65
51,18,0.64
51,19,0.67
51,20,0.66
52,1,0.14
52,2,0.17
52,3,0.26
52,4,0.35
52,5,0.37
52,6,0.41
52,7,0.42
52,8,0.42
52,9,0.44
52,10,0.48
52,11,0.52
52,12,0.55
52,13,0.58
52,14,0.58
52,15,0.62
52,16,0.67
52,17,0.66
52,18,0.63
52,19,0.67
53,1,0.13
53,2,0.17
53,3,0.26
53,4,0.35
53,5,0.37
53,6,0.41
53,7,0.42
53,8,0.42
53,9,0.44
53,10,0.48
53,11,0.52
53,12,0.55
53,13,0.58
53,14,0.58
53,15,0.62
53,16,0.67
53,17,0.64
53,18,0.63
53,19,0.67
54,1,0.13
54,2,0.17
54,3,0.26
54,4,0.35
54,5,0.37
54,6,0.41
54,7,0.42
54,8,0.42
54,9,0.44
54,10,0.48
54,11,0.52
54,12,0.55
54,13,0.58
54,14,0.58
54,15,0.62
54,16,0.67
54,17,0.64
54,18,0.63
55,1,0.13
55,2,0.17
55,3,0.26
55,4,0.35
55,5,0.37
55,6,0.41
55,7,0.39
55,8,0.42
55,9,0.44
55,10,0.48
55,11,0.52
55,12,0.55
55,13,0.58
55,14,0.57
55,15,0.62
55,16,0.66
55,17,0.63
55,18,0.63
56,1,0.13
56,2,0.17
56,3,0.26
56,4,0.35
56,5,0.37
56,6,0.41
56,7,0.39
56,8,0.42
56,9,0.44
56,10,0.48
56,11,0.52
56,12,0.55
56,13,0.58
56,14,0.58
56,15,0.61
56,16,0.66
56,17,0.63
56,18,0.63
57,1,0.13
57,2,0.16
57,3,0.25
57,4,0.35
57,5,0.37
57,6,0.41
57,7,0.39
57,8,0.42
57,9,0.45
57,10,0.49
57,11,0.52
57,12,0.55
57,13,0.58
57,14,0.58
57,15,0.63
57,16,0.66
57,17,0.64
58,1,0.13
58,2,0.16
58,3,0.25
58,4,0.35
58,5,0.37
58,6,0.41
58,7,0.39
58,8,0.42
58,9,0.45
58,10,0.48
58,11,0.52
58,12,0.55
58,13,0.58
58,14,0.58
58,15,0.63
58,16,0.66
58,17,0.64
59,1,0.13
59,2,0.16
59,3,0.25
59,4,0.35
59,5,0.37
59,6,0.41
59,7,0.40
59,8,0.42
59,9,0.45
59,10,0.49
59,11,0.52
59,12,0.55
59,13,0.58
59,14,0.58
59,15,0.63
59,16,0.66
59,17,0.64
60,1,0.13
60,2,0.16
60,3,0.25
60,4,0.35
60,5,0.37
60,6,0.41
60,7,0.39
60,8,0.43
60,9,0.45
60,10,0.49
60,11,0.53
60,12,0.55
60,13,0.58
60,14,0.58
60,15,0.62
60,16,0.66
60,17,0.64
61,1,0.13
61,2,0.16
61,3,0.25
61,4,0.34
61,5,0.37
61,6,0.41
61,7,0.39
61,8,0.42
61,9,0.45
61,10,0.49
61,11,0.53
61,12,0.55
61,13,0.58
61,14,0.58
61,15,0.61
61,16,0.66
62,1,0.13
62,2,0.16
62,3,0.25
62,4,0.34
62,5,0.37
62,6,0.41
62,7,0.38
62,8,0.42
62,9,0.45
62,10,0.48
62,11,0.52
62,12,0.55
62,13,0.57
62,14,0.58
62,15,0.61
62,16,0.66
63,1,0.13
63,2,0.16
63,3,0.25
63,4,0.34
63,5,0.36
63,6,0.40
63,7,0.38
63,8,0.42
63,9,0.45
63,10,0.49
63,11,0.52
63,12,0.55
63,13,0.57
63,14,0.58
63,15,0.61
63,16,0.65
64,1,0.13
64,2,0.16
64,3,0.24
64,4,0.34
64,5,0.36
64,6,0.40
64,7,0.38
64,8,0.42
64,9,0.46
64,10,0.49
64,11,0.53
64,12,0.56
64,13,0.59
64,14,0.59
64,15,0.62
64,16,0.67
65,1,0.14
65,2,0.17
65,3,0.27
65,4,0.36
65,5,0.37
65,6,0.39
65,7,0.38
65,8,0.43
65,9,0.46
65,10,0.49
65,11,0.53
65,12,0.54
65,13,0.58
65,14,0.59
65,15,0.62
66,1,0.14
66,2,0.17
66,3,0.26
66,4,0.36
66,5,0.37
66,6,0.39
66,7,0.38
66,8,0.43
66,9,0.46
66,10,0.49
66,11,0.53
66,12,0.54
66,13,0.58
66,14,0.59
66,15,0.63
67,1,0.14
67,2,0.17
67,3,0.26
67,4,0.36
67,5,0.37
67,6,0.39
67,7,0.39
67,8,0.43
67,9,0.46
67,10,0.49
67,11,0.53
67,12,0.55
67,13,0.58
67,14,0.59
67,15,0.62
68,1,0.14
68,2,0.17
68,3,0.26
68,4,0.36
68,5,0.37
68,6,0.39
68,7,0.39
68,8,0.43
68,9,0.46
68,10,0.49
68,11,0.53
68,12,0.55
68,13,0.58
68,14,0.59
68,15,0.62
69,1,0.14
69,2,0.17
69,3,0.26
69,4,0.36
69,5,0.37
69,6,0.39
69,7,0.39
69,8,0.43
69,9,0.46
69,10,0.49
69,11,0.53
69,12,0.55
69,13,0.58
69,14,0.59
70,1,0.14
70,2,0.17
70,3,0.26
70,4,0.36
70,5,0.37
70,6,0.39
70,7,0.39
70,8,0.43
70,9,0.46
70,10,0.49
70,11,0.52
70,12,0.55
70,13,0.58
70,14,0.59
71,1,0.14
71,2,0.17
71,3,0.26
71,4,0.35
71,5,0.37
71,6,0.38
71,7,0.39
71,8,0.43
71,9,0.46
71,10,0.49
71,11,0.51
71,12,0.54
71,13,0.57
71,14,0.58
72,1,0.14
72,2,0.17
72,3,0.26
72,4,0.36
72,5,0.36
72,6,0.38
72,7,0.39
72,8,0.43
72,9,0.46
72,10,0.49
72,11,0.51
72,12,0.54
72,13,0.57
72,14,0.59
73,1,0.14
73,2,0.17
73,3,0.26
73,4,0.35
73,5,0.36
73,6,0.39
73,7,0.39
73,8,0.44
73,9,0.46
73,10,0.49
73,11,0.52
73,12,0.55
73,13,0.58
73,14,0.59
74,1,0.14
74,2,0.17
74,3,0.26
74,4,0.35
74,5,0.36
74,6,0.39
74,7,0.39
74,8,0.44
74,9,0.46
74,10,0.49
74,11,0.52
74,12,0.55
74,13,0.58
75,1,0.14
75,2,0.16
75,3,0.26
75,4,0.35
75,5,0.36
75,6,0.39
75,7,0.39
75,8,0.44
75,9,0.46
75,10,0.50
75,11,0.52
75,12,0.55
75,13,0.58
76,1,0.14
76,2,0.16
76,3,0.26
76,4,0.35
76,5,0.36
76,6,0.39
76,7,0.40
76,8,0.44
76,9,0.46
76,10,0.50
76,11,0.52
76,12,0.56
76,13,0.59
77,1,0.14
77,2,0.16
77,3,0.26
77,4,0.35
77,5,0.36
77,6,0.39
77,7,0.40
77,8,0.44
77,9,0.46
77,10,0.48
77,11,0.52
77,12,0.56
77,13,0.59
78,1,0.14
78,2,0.16
78,3,0.26
78,4,0.35
78,5,0.35
78,6,0.39
78,7,0.40
78,8,0.44
78,9,0.46
78,10,0.48
78,11,0.52
78,12,0.56
78,13,0.59
79,1,0.13
79,2,0.16
79,3,0.26
79,4,0.35
79,5,0.35
79,6,0.39
79,7,0.40
79,8,0.44
79,9,0.46
79,10,0.48
79,11,0.52
79,12,0.56
80,1,0.13
80,2,0.16
80,3,0.25
80,4,0.35
80,5,0.35
80,6,0.39
80,7,0.40
80,8,0.44
80,9,0.46
80,10,0.48
80,11,0.52
80,12,0.56
81,1,0.13
81,2,0.17
81,3,0.25
81,4,0.35
81,5,0.35
81,6,0.39
81,7,0.40
81,8,0.44
81,9,0.46
81,10,0.48
81,11,0.52
81,12,0.55
82,1,0.13
82,2,0.17
82,3,0.25
82,4,0.35
82,5,0.35
82,6,0.39
82,7,0.40
82,8,0.44
82,9,0.46
82,10,0.48
82,11,0.52
82,12,0.55
83,1,0.13
83,2,0.17
83,3,0.25
83,4,0.35
83,5,0.35
83,6,0.39
83,7,0.40
83,8,0.44
83,9,0.46
83,10,0.48
83,11,0.52
83,12,0.55
84,1,0.13
84,2,0.17
84,3,0.25
84,4,0.35
84,5,0.34
84,6,0.38
84,7,0.40
84,8,0.44
84,9,0.46
84,10,0.48
84,11,0.52
84,12,0.55
85,1,0.13
85,2,0.16
85,3,0.25
85,4,0.35
85,5,0.35
85,6,0.39
85,7,0.40
85,8,0.44
85,9,0.47
85,10,0.49
85,11,0.53
85,12,0.56
86,1,0.13
86,2,0.16
86,3,0.27
86,4,0.35
86,5,0.35
86,6,0.39
86,7,0.40
86,8,0.44
86,9,0.45
86,10,0.49
86,11,0.53
87,1,0.13
87,2,0.16
87,3,0.27
87,4,0.35
87,5,0.35
87,6,0.39
87,7,0.40
87,8,0.44
87,9,0.45
87,10,0.49
87,11,0.53
88,1,0.13
88,2,0.16
88,3,0.27
88,4,0.35
88,5,0.35
88,6,0.39
88,7,0.40
88,8,0.44
88,9,0.45
88,10,0.49
88,11,0.52
89,1,0.13
89,2,0.16
89,3,0.27
89,4,0.35
89,5,0.35
89,6,0.39
89,7,0.40
89,8,0.44
89,9,0.45
89,10,0.49
89,11,0.52
90,1,0.13
90,2,0.16
90,3,0.26
90,4,0.35
90,5,0.35
90,6,0.39
90,7,0.40
90,8,0.44
90,9,0.45
90,10,0.50
90,11,0.53
91,1,0.13
91,2,0.16
91,3,0.26
91,4,0.35
91,5,0.35
91,6,0.40
91,7,0.40
91,8,0.44
91,9,0.45
91,10,0.50
91,11,0.53
92,1,0.13
92,2,0.16
92,3,0.26
92,4,0.35
92,5,0.35
92,6,0.40
92,7,0.40
92,8,0.44
92,9,0.45
92,10,0.50
92,11,0.53
93,1,0.13
93,2,0.16
93,3,0.26
93,4,0.35
93,5,0.35
93,6,0.40
93,7,0.40
93,8,0.44
93,9,0.45
93,10,0.50
93,11,0.53
94,1,0.13
94,2,0.16
94,3,0.26
94,4,0.35
94,5,0.35
94,6,0.40
94,7,0.40
94,8,0.44
94,9,0.45
94,10,0.50
95,1,0.13
95,2,0.16
95,3,0.26
95,4,0.35
95,5,0.35
95,6,0.40
95,7,0.40
95,8,0.44
95,9,0.45
95,10,0.50
96,1,0.13
96,2,0.16
96,3,0.26
96,4,0.35
96,5,0.35
96,6,0.40
96,7,0.40
96,8,0.44
96,9,0.45
96,10,0.50
97,1,0.14
97,2,0.17
97,3,0.26
97,4,0.35
97,5,0.35
97,6,0.40
97,7,0.40
97,8,0.42
97,9,0.45
97,10,0.50
98,1,0.14
98,2,0.17
98,3,0.26
98,4,0.35
98,5,0.35
98,6,0.40
98,7,0.40
98,8,0.42
98,9,0.45
98,10,0.49
99,1,0.14
99,2,0.17
99,3,0.26
99,4,0.34
99,5,0.35
99,6,0.40
99,7,0.40
99,8,0.42
99,9,0.45
99,10,0.49
100,1,0.14
100,2,0.17
100,3,0.26
100,4,0.34
100,5,0.35
100,6,0.40
100,7,0.40
100,8,0.42
100,9,0.45
100,10,0.49
101,1,0.14
101,2,0.17
101,3,0.26
101,4,0.34
101,5,0.35
101,6,0.40
101,7,0.40
101,8,0.41
101,9,0.45
101,10,0.49
102,1,0.14
102,2,0.17
102,3,0.26
102,4,0.34
102,5,0.35
102,6,0.41
102,7,0.41
102,8,0.42
102,9,0.46
102,10,0.50
103,1,0.14
103,2,0.17
103,3,0.26
103,4,0.34
103,5,0.36
103,6,0.41
103,7,0.41
103,8,0.42
103,9,0.46
104,1,0.13
104,2,0.17
104,3,0.26
104,4,0.34
104,5,0.36
104,6,0.40
104,7,0.41
104,8,0.42
104,9,0.46
105,1,0.13
105,2,0.17
105,3,0.26
105,4,0.34
105,5,0.36
105,6,0.40
105,7,0.41
105,8,0.42
105,9,0.46
106,1,0.13
106,2,0.17
106,3,0.26
106,4,0.34
106,5,0.36
106,6,0.40
106,7,0.41
106,8,0.42
106,9,0.46
107,1,0.13
107,2,0.17
107,3,0.26
107,4,0.34
107,5,0.36
107,6,0.40
107,7,0.41
107,8,0.42
107,9,0.46
108,1,0.13
108,2,0.16
108,3,0.26
108,4,0.34
108,5,0.36
108,6,0.40
108,7,0.41
108,8,0.42
108,9,0.46
109,1,0.13
109,2,0.16
109,3,0.26
109,4,0.34
109,5,0.36
109,6,0.40
109,7,0.41
109,8,0.42
109,9,0.46
110,1,0.13
110,2,0.16
110,3,0.26
110,4,0.34
110,5,0.36
110,6,0.40
110,7,0.39
110,8,0.42
110,9,0.46
111,1,0.13
111,2,0.16
111,3,0.26
111,4,0.34
111,5,0.36
111,6,0.40
111,7,0.39
111,8,0.42
111,9,0.46
112,1,0.13
112,2,0.16
112,3,0.25
112,4,0.34
112,5,0.36
112,6,0.40
112,7,0.39
112,8,0.42
112,9,0.46
113,1,0.13
113,2,0.16
113,3,0.25
113,4,0.34
113,5,0.36
113,6,0.40
113,7,0.39
113,8,0.44
113,9,0.46
114,1,0.13
114,2,0.16
114,3,0.25
114,4,0.34
114,5,0.36
114,6,0.40
114,7,0.39
114,8,0.44
115,1,0.13
115,2,0.16
115,3,0.25
115,4,0.34
115,5,0.36
115,6,0.40
115,7,0.39
115,8,0.44
116,1,0.13
116,2,0.16
116,3,0.25
116,4,0.34
116,5,0.36
116,6,0.40
116,7,0.39
116,8,0.44
117,1,0.13
117,2,0.16
117,3,0.25
117,4,0.34
117,5,0.36
117,6,0.40
117,7,0.39
117,8,0.44
118,1,0.13
118,2,0.16
118,3,0.26
118,4,0.34
118,5,0.36
118,6,0.40
118,7,0.39
118,8,0.44
119,1,0.13
119,2,0.16
119,3,0.26
119,4,0.34
119,5,0.36
119,6,0.40
119,7,0.39
119,8,0.44
120,1,0.13
120,2,0.16
120,3,0.25
120,4,0.34
120,5,0.36
120,6,0.40
120,7,0.39
120,8,0.44
121,1,0.13
121,2,0.16
121,3,0.25
121,4,0.34
121,5,0.36
121,6,0.40
121,7,0.39
121,8,0.44
122,1,0.13
122,2,0.16
122,3,0.25
122,4,0.34
122,5,0.36
122,6,0.40
122,7,0.39
122,8,0.43
123,1,0.13
123,2,0.16
123,3,0.25
123,4,0.34
123,5,0.36
123,6,0.40
123,7,0.39
123,8,0.43
124,1,0.13
124,2,0.16
124,3,0.25
124,4,0.34
124,5,0.36
124,6,0.40
124,7,0.39
124,8,0.43
125,1,0.13
125,2,0.16
125,3,0.25
125,4,0.34
125,5,0.36
125,6,0.40
125,7,0.39
125,8,0.43
126,1,0.13
126,2,0.16
126,3,0.25
126,4,0.34
126,5,0.36
126,6,0.40
126,7,0.39
126,8,0.43
127,1,0.13
127,2,0.16
127,3,0.25
127,4,0.34
127,5,0.36
127,6,0.39
127,7,0.39
127,8,0.43
128,1,0.13
128,2,0.16
128,3,0.25
128,4,0.34
128,5,0.36
128,6,0.40
128,7,0.40
128,8,0.44
129,1,0.14
129,2,0.17
129,3,0.25
129,4,0.34
129,5,0.36
129,6,0.39
129,7,0.40
130,1,0.14
130,2,0.17
130,3,0.25
130,4,0.34
130,5,0.36
130,6,0.39
130,7,0.39
131,1,0.14
131,2,0.17
131,3,0.25
131,4,0.34
131,5,0.36
131,6,0.39
131,7,0.39
132,1,0.14
132,2,0.17
132,3,0.25
132,4,0.34
132,5,0.36
132,6,0.40
132,7,0.39
133,1,0.13
133,2,0.17
133,3,0.25
133,4,0.34
133,5,0.36
133,6,0.40
133,7,0.39
134,1,0.13
134,2,0.17
134,3,0.25
134,4,0.34
134,5,0.36
134,6,0.40
134,7,0.39
135,1,0.13
135,2,0.17
135,3,0.25
135,4,0.35
135,5,0.36
135,6,0.40
135,7,0.39
136,1,0.13
136,2,0.17
136,3,0.25
136,4,0.35
136,5,0.36
136,6,0.40
136,7,0.39
137,1,0.13
137,2,0.17
137,3,0.25
137,4,0.35
137,5,0.36
137,6,0.40
137,7,0.39
138,1,0.13
138,2,0.17
138,3,0.25
138,4,0.35
138,5,0.36
138,6,0.40
138,7,0.39
139,1,0.13
139,2,0.17
139,3,0.25
139,4,0.35
139,5,0.36
139,6,0.40
139,7,0.39
140,1,0.13
140,2,0.17
140,3,0.25
140,4,0.35
140,5,0.36
140,6,0.40
140,7,0.39
141,1,0.13
141,2,0.17
141,3,0.25
141,4,0.35
141,5,0.36
141,6,0.40
141,7,0.39
142,1,0.13
142,2,0.17
142,3,0.25
142,4,0.35
142,5,0.36
142,6,0.40
142,7,0.39
143,1,0.13
143,2,0.17
143,3,0.25
143,4,0.35
143,5,0.36
143,6,0.40
143,7,0.39
144,1,0.13
144,2,0.16
144,3,0.25
144,4,0.35
144,5,0.36
144,6,0.40
144,7,0.39
145,1,0.13
145,2,0.17
145,3,0.25
145,4,0.35
145,5,0.36
145,6,0.40
145,7,0.39
146,1,0.13
146,2,0.17
146,3,0.25
146,4,0.35
146,5,0.36
146,6,0.40
146,7,0.39
147,1,0.13
147,2,0.17
147,3,0.25
147,4,0.35
147,5,0.36
147,6,0.40
148,1,0.13
148,2,0.17
148,3,0.25
148,4,0.35
148,5,0.36
148,6,0.40
149,1,0.13
149,2,0.16
149,3,0.25
149,4,0.35
149,5,0.36
149,6,0.40
150,1,0.13
150,2,0.17
150,3,0.25
150,4,0.35
150,5,0.36
150,6,0.39
151,1,0.13
151,2,0.17
151,3,0.25
151,4,0.35
151,5,0.36
151,6,0.39
152,1,0.13
152,2,0.17
152,3,0.25
152,4,0.35
152,5,0.36
152,6,0.39
153,1,0.13
153,2,0.17
153,3,0.25
153,4,0.35
153,5,0.36
153,6,0.39
154,1,0.13
154,2,0.16
154,3,0.25
154,4,0.35
154,5,0.35
154,6,0.39
155,1,0.13
155,2,0.16
155,3,0.25
155,4,0.35
155,5,0.35
155,6,0.39
156,1,0.13
156,2,0.16
156,3,0.25
156,4,0.35
156,5,0.34
156,6,0.39
157,1,0.13
157,2,0.16
157,3,0.25
157,4,0.35
157,5,0.34
157,6,0.39
158,1,0.13
158,2,0.16
158,3,0.25
158,4,0.35
158,5,0.34
158,6,0.38
159,1,0.13
159,2,0.16
159,3,0.25
159,4,0.35
159,5,0.34
159,6,0.38
160,1,0.13
160,2,0.16
160,3,0.25
160,4,0.35
160,5,0.34
160,6,0.38
161,1,0.13
161,2,0.17
161,3,0.25
161,4,0.34
161,5,0.34
161,6,0.38
162,1,0.13
162,2,0.17
162,3,0.25
162,4,0.35
162,5,0.34
162,6,0.38
163,1,0.13
163,2,0.17
163,3,0.25
163,4,0.35
163,5,0.34
163,6,0.38
164,1,0.13
164,2,0.16
164,3,0.25
164,4,0.35
164,5,0.34
164,6,0.38
165,1,0.13
165,2,0.16
165,3,0.25
165,4,0.35
165,5,0.34
165,6,0.37
166,1,0.13
166,2,0.16
166,3,0.25
166,4,0.35
166,5,0.34
166,6,0.37
167,1,0.13
167,2,0.16
167,3,0.25
167,4,0.35
167,5,0.34
167,6,0.37
168,1,0.13
168,2,0.16
168,3,0.25
168,4,0.34
168,5,0.33
168,6,0.37
169,1,0.13
169,2,0.16
169,3,0.24
169,4,0.34
169,5,0.33
169,6,0.37
170,1,0.13
170,2,0.16
170,3,0.25
170,4,0.35
170,5,0.34
170,6,0.38
171,1,0.13
171,2,0.16
171,3,0.25
171,4,0.35
171,5,0.34
172,1,0.13
172,2,0.16
172,3,0.25
172,4,0.35
172,5,0.34
173,1,0.13
173,2,0.16
173,3,0.25
173,4,0.35
173,5,0.35
174,1,0.13
174,2,0.16
174,3,0.25
174,4,0.35
174,5,0.35
175,1,0.13
175,2,0.16
175,3,0.25
175,4,0.35
175,5,0.35
176,1,0.13
176,2,0.16
176,3,0.25
176,4,0.35
176,5,0.35
177,1,0.13
177,2,0.16
177,3,0.25
177,4,0.35
177,5,0.35
178,1,0.13
178,2,0.16
178,3,0.25
178,4,0.35
178,5,0.35
179,1,0.13
179,2,0.16
179,3,0.25
179,4,0.35
179,5,0.35
180,1,0.13
180,2,0.16
180,3,0.25
180,4,0.35
180,5,0.34
181,1,0.13
181,2,0.16
181,3,0.25
181,4,0.35
181,5,0.34
182,1,0.13
182,2,0.16
182,3,0.25
182,4,0.35
182,5,0.34
183,1,0.13
183,2,0.16
183,3,0.25
183,4,0.35
183,5,0.34
184,1,0.13
184,2,0.16
184,3,0.25
184,4,0.35
184,5,0.34
185,1,0.13
185,2,0.16
185,3,0.25
185,4,0.35
185,5,0.34
186,1,0.13
186,2,0.16
186,3,0.25
186,4,0.35
186,5,0.34
187,1,0.13
187,2,0.16
187,3,0.25
187,4,0.35
187,5,0.34
188,1,0.13
188,2,0.16
188,3,0.25
188,4,0.35
188,5,0.33
189,1,0.13
189,2,0.16
189,3,0.25
189,4,0.35
189,5,0.33
190,1,0.13
190,2,0.16
190,3,0.25
190,4,0.35
190,5,0.33
191,1,0.13
191,2,0.16
191,3,0.25
191,4,0.35
191,5,0.33
192,1,0.13
192,2,0.16
192,3,0.25
192,4,0.35
192,5,0.33
193,1,0.13
193,2,0.17
193,3,0.26
193,4,0.33
193,5,0.33
194,1,0.13
194,2,0.17
194,3,0.26
194,4,0.33
194,5,0.33
195,1,0.13
195,2,0.17
195,3,0.26
195,4,0.33
195,5,0.33
196,1,0.13
196,2,0.17
196,3,0.26
196,4,0.33
196,5,0.33
197,1,0.13
197,2,0.17
197,3,0.26
197,4,0.33
197,5,0.33
198,1,0.13
198,2,0.17
198,3,0.26
198,4,0.34
198,5,0.33
199,1,0.13
199,2,0.17
199,3,0.26
199,4,0.34
199,5,0.33
200,1,0.13
200,2,0.17
200,3,0.26
200,4,0.34
200,5,0.33
201,1,0.13
201,2,0.17
201,3,0.26
201,4,0.33
201,5,0.33
202,1,0.13
202,2,0.17
202,3,0.26
202,4,0.33
202,5,0.33
203,1,0.13
203,2,0.17
203,3,0.26
203,4,0.33
203,5,0.33
204,1,0.13
204,2,0.18
204,3,0.26
204,4,0.33
204,5,0.33
205,1,0.13
205,2,0.18
205,3,0.26
205,4,0.33
206,1,0.13
206,2,0.18
206,3,0.26
206,4,0.33
207,1,0.13
207,2,0.18
207,3,0.26
207,4,0.34
208,1,0.13
208,2,0.18
208,3,0.26
208,4,0.34
209,1,0.13
209,2,0.18
209,3,0.26
209,4,0.33
210,1,0.13
210,2,0.18
210,3,0.26
210,4,0.33
211,1,0.13
211,2,0.18
211,3,0.26
211,4,0.33
212,1,0.13
212,2,0.18
212,3,0.26
212,4,0.33
213,1,0.13
213,2,0.18
213,3,0.26
213,4,0.33
214,1,0.13
214,2,0.18
214,3,0.26
214,4,0.33
215,1,0.13
215,2,0.17
215,3,0.26
215,4,0.34
216,1,0.13
216,2,0.17
216,3,0.26
216,4,0.33
217,1,0.13
217,2,0.17
217,3,0.26
217,4,0.33
218,1,0.13
218,2,0.17
218,3,0.26
218,4,0.33
219,1,0.13
219,2,0.17
219,3,0.26
219,4,0.33
220,1,0.13
220,2,0.17
220,3,0.26
220,4,0.33
221,1,0.13
221,2,0.17
221,3,0.26
221,4,0.33
222,1,0.13
222,2,0.17
222,3,0.26
222,4,0.33
223,1,0.13
223,2,0.17
223,3,0.26
223,4,0.33
224,1,0.13
224,2,0.17
224,3,0.26
224,4,0.33
225,1,0.14
225,2,0.17
225,3,0.26
225,4,0.32
226,1,0.14
226,2,0.17
226,3,0.25
226,4,0.32
227,1,0.14
227,2,0.17
227,3,0.25
227,4,0.32
228,1,0.14
228,2,0.17
228,3,0.25
228,4,0.32
229,1,0.14
229,2,0.17
229,3,0.25
229,4,0.32
230,1,0.14
230,2,0.17
230,3,0.25
230,4,0.32
231,1,0.14
231,2,0.17
231,3,0.25
231,4,0.32
232,1,0.14
232,2,0.17
232,3,0.25
232,4,0.32
233,1,0.14
233,2,0.17
233,3,0.25
233,4,0.32
234,1,0.14
234,2,0.17
234,3,0.25
234,4,0.32
235,1,0.14
235,2,0.17
235,3,0.25
235,4,0.32
236,1,0.14
236,2,0.17
236,3,0.25
236,4,0.32
237,1,0.14
237,2,0.17
237,3,0.25
237,4,0.32
238,1,0.14
238,2,0.17
238,3,0.25
238,4,0.32
239,1,0.14
239,2,0.17
239,3,0.25
239,4,0.32
240,1,0.14
240,2,0.17
240,3,0.25
240,4,0.31
241,1,0.14
241,2,0.17
241,3,0.25
241,4,0.31
242,1,0.14
242,2,0.17
242,3,0.25
242,4,0.31
243,1,0.14
243,2,0.17
243,3,0.25
243,4,0.31
244,1,0.14
244,2,0.17
244,3,0.25
244,4,0.31
245,1,0.14
245,2,0.17
245,3,0.25
245,4,0.31
246,1,0.14
246,2,0.17
246,3,0.25
246,4,0.31
247,1,0.14
247,2,0.17
247,3,0.25
247,4,0.31
248,1,0.14
248,2,0.17
248,3,0.25
248,4,0.31
249,1,0.14
249,2,0.17
249,3,0.25
249,4,0.30
250,1,0.14
250,2,0.17
250,3,0.25
250,4,0.30
251,1,0.14
251,2,0.17
251,3,0.25
251,4,0.30
252,1,0.14
252,2,0.17
252,3,0.25
252,4,0.30
253,1,0.14
253,2,0.17
253,3,0.24
253,4,0.30
254,1,0.14
254,2,0.17
254,3,0.24
254,4,0.30
255,1,0.14
255,2,0.17
255,3,0.25
255,4,0.32
256,1,0.14
256,2,0.17
256,3,0.25
256,4,0.32
257,1,0.14
257,2,0.17
257,3,0.24
258,1,0.14
258,2,0.17
258,3,0.24
259,1,0.14
259,2,0.17
259,3,0.24
260,1,0.14
260,2,0.17
260,3,0.24
261,1,0.14
261,2,0.17
261,3,0.24
262,1,0.14
262,2,0.17
262,3,0.24
263,1,0.14
263,2,0.17
263,3,0.24
264,1,0.14
264,2,0.17
264,3,0.24
265,1,0.14
265,2,0.17
265,3,0.24
266,1,0.14
266,2,0.17
266,3,0.24
267,1,0.14
267,2,0.17
267,3,0.24
268,1,0.14
268,2,0.17
268,3,0.24
269,1,0.14
269,2,0.17
269,3,0.24
270,1,0.14
270,2,0.17
270,3,0.24
271,1,0.14
271,2,0.17
271,3,0.24
272,1,0.14
272,2,0.17
272,3,0.24
273,1,0.14
273,2,0.17
273,3,0.24
274,1,0.14
274,2,0.17
274,3,0.24
275,1,0.14
275,2,0.17
275,3,0.24
276,1,0.14
276,2,0.17
276,3,0.24
277,1,0.14
277,2,0.17
277,3,0.24
278,1,0.14
278,2,0.17
278,3,0.24
279,1,0.14
279,2,0.17
279,3,0.24
280,1,0.14
280,2,0.17
280,3,0.24
281,1,0.14
281,2,0.17
281,3,0.24
282,1,0.14
282,2,0.17
282,3,0.24
283,1,0.14
283,2,0.17
283,3,0.24
284,1,0.14
284,2,0.17
284,3,0.24
285,1,0.14
285,2,0.17
285,3,0.24
286,1,0.14
286,2,0.17
286,3,0.24
287,1,0.14
287,2,0.17
287,3,0.24
288,1,0.14
288,2,0.17
288,3,0.24
289,1,0.14
289,2,0.17
289,3,0.24
290,1,0.14
290,2,0.17
290,3,0.24
291,1,0.14
291,2,0.17
291,3,0.24
292,1,0.14
292,2,0.17
292,3,0.24
293,1,0.14
293,2,0.17
293,3,0.24
294,1,0.14
294,2,0.17
294,3,0.24
295,1,0.14
295,2,0.17
295,3,0.24
296,1,0.14
296,2,0.17
296,3,0.24
297,1,0.14
297,2,0.17
297,3,0.24
298,1,0.14
298,2,0.17
298,3,0.24
299,1,0.14
299,2,0.17
299,3,0.23
300,1,0.14
300,2,0.17
300,3,0.23
301,1,0.14
301,2,0.17
301,3,0.23
302,1,0.14
302,2,0.17
302,3,0.23
303,1,0.14
303,2,0.17
303,3,0.23
304,1,0.14
304,2,0.17
304,3,0.23
305,1,0.14
305,2,0.17
305,3,0.23
306,1,0.14
306,2,0.17
306,3,0.23
307,1,0.14
307,2,0.17
307,3,0.22
308,1,0.14
308,2,0.17
308,3,0.22
309,1,0.14
309,2,0.17
309,3,0.22
310,1,0.14
310,2,0.17
310,3,0.22
311,1,0.14
311,2,0.17
311,3,0.22
312,1,0.14
312,2,0.17
312,3,0.22
313,1,0.14
313,2,0.17
313,3,0.22
314,1,0.14
314,2,0.17
314,3,0.22
315,1,0.14
315,2,0.17
315,3,0.22
316,1,0.14
316,2,0.17
316,3,0.22
317,1,0.14
317,2,0.17
317,3,0.22
318,1,0.14
318,2,0.17
318,3,0.22
319,1,0.14
319,2,0.17
319,3,0.22
320,1,0.14
320,2,0.17
320,3,0.22
321,1,0.14
321,2,0.17
321,3,0.22
322,1,0.14
322,2,0.17
322,3,0.22
323,1,0.14
323,2,0.17
323,3,0.22
324,1,0.14
324,2,0.17
324,3,0.22
325,1,0.14
325,2,0.17
325,3,0.22
326,1,0.14
326,2,0.17
326,3,0.22
327,1,0.14
327,2,0.17
327,3,0.22
328,1,0.14
328,2,0.17
328,3,0.22
329,1,0.14
329,2,0.17
329,3,0.22
330,1,0.14
330,2,0.17
330,3,0.22
331,1,0.14
331,2,0.17
331,3,0.22
332,1,0.14
332,2,0.17
332,3,0.22
333,1,0.14
333,2,0.17
333,3,0.22
334,1,0.14
334,2,0.17
334,3,0.22
335,1,0.14
335,2,0.17
335,3,0.22
336,1,0.14
336,2,0.17
336,3,0.22
337,1,0.14
337,2,0.17
337,3,0.22
338,1,0.14
338,2,0.17
338,3,0.22
339,1,0.14
339,2,0.17
339,3,0.22
340,1,0.14
340,2,0.17
340,3,0.22
341,1,0.14
341,2,0.17
341,3,0.22
342,1,0.14
342,2,0.17
343,1,0.14
343,2,0.17
344,1,0.14
344,2,0.17
345,1,0.14
345,2,0.17
346,1,0.14
346,2,0.17
347,1,0.14
347,2,0.17
348,1,0.14
348,2,0.17
349,1,0.14
349,2,0.17
350,1,0.14
350,2,0.17
351,1,0.14
351,2,0.17
352,1,0.14
352,2,0.17
353,1,0.14
353,2,0.17
354,1,0.14
354,2,0.17
355,1,0.14
355,2,0.17
356,1,0.14
356,2,0.17
357,1,0.14
357,2,0.17
358,1,0.14
358,2,0.17
359,1,0.14
359,2,0.17
360,1,0.14
360,2,0.17
361,1,0.14
361,2,0.17
362,1,0.14
362,2,0.17
363,1,0.14
363,2,0.17
364,1,0.14
364,2,0.17
365,1,0.14
365,2,0.17
366,1,0.14
366,2,0.17
367,1,0.14
367,2,0.17
368,1,0.14
368,2,0.17
369,1,0.14
369,2,0.17
370,1,0.14
370,2,0.17
371,1,0.14
371,2,0.17
372,1,0.14
372,2,0.17
373,1,0.14
373,2,0.17
374,1,0.14
374,2,0.17
375,1,0.14
375,2,0.17
376,1,0.14
376,2,0.17
377,1,0.14
377,2,0.17
378,1,0.14
378,2,0.17
379,1,0.14
379,2,0.17
380,1,0.14
380,2,0.17
381,1,0.14
381,2,0.17
382,1,0.14
382,2,0.17
383,1,0.14
383,2,0.17
384,1,0.14
384,2,0.17
385,1,0.14
385,2,0.17
386,1,0.14
386,2,0.16
387,1,0.14
387,2,0.16
388,1,0.14
388,2,0.16
389,1,0.14
389,2,0.16
390,1,0.14
390,2,0.16
391,1,0.14
391,2,0.16
392,1,0.14
392,2,0.16
393,1,0.14
393,2,0.16
394,1,0.14
394,2,0.16
395,1,0.14
395,2,0.16
396,1,0.14
396,2,0.16
397,1,0.14
397,2,0.16
398,1,0.14
398,2,0.16
399,1,0.14
399,2,0.16
400,1,0.14
400,2,0.16
401,1,0.14
401,2,0.16
402,1,0.14
402,2,0.16
403,1,0.14
403,2,0.16
404,1,0.14
404,2,0.16
405,1,0.14
405,2,0.16
406,1,0.14
406,2,0.16
407,1,0.14
407,2,0.16
408,1,0.14
408,2,0.16
409,1,0.14
409,2,0.16
410,1,0.14
410,2,0.16
411,1,0.14
411,2,0.16
412,1,0.14
412,2,0.16
413,1,0.14
413,2,0.16
414,1,0.14
414,2,0.16
415,1,0.14
415,2,0.16
416,1,0.14
416,2,0.16
417,1,0.14
417,2,0.16
418,1,0.14
418,2,0.16
419,1,0.14
419,2,0.16
420,1,0.14
420,2,0.16
421,1,0.14
421,2,0.16
422,1,0.14
422,2,0.16
423,1,0.14
423,2,0.16
424,1,0.14
424,2,0.16
425,1,0.14
425,2,0.16
426,1,0.14
426,2,0.16
427,1,0.14
427,2,0.16
428,1,0.14
428,2,0.16
429,1,0.14
429,2,0.16
430,1,0.14
430,2,0.16
431,1,0.14
431,2,0.16
432,1,0.14
432,2,0.16
433,1,0.14
433,2,0.16
434,1,0.14
434,2,0.16
435,1,0.14
435,2,0.16
436,1,0.14
436,2,0.16
437,1,0.14
437,2,0.16
438,1,0.14
438,2,0.16
439,1,0.14
439,2,0.16
440,1,0.14
440,2,0.16
441,1,0.14
441,2,0.16
442,1,0.14
442,2,0.16
443,1,0.14
443,2,0.16
444,1,0.14
444,2,0.16
445,1,0.14
445,2,0.16
446,1,0.14
446,2,0.16
447,1,0.14
447,2,0.16
448,1,0.14
448,2,0.16
449,1,0.14
449,2,0.14
450,1,0.14
450,2,0.14
451,1,0.14
451,2,0.14
452,1,0.14
452,2,0.14
453,1,0.14
453,2,0.14
454,1,0.14
454,2,0.14
455,1,0.14
455,2,0.14
456,1,0.14
456,2,0.14
457,1,0.14
457,2,0.14
458,1,0.14
458,2,0.14
459,1,0.14
459,2,0.14
460,1,0.14
460,2,0.14
461,1,0.14
461,2,0.14
462,1,0.14
462,2,0.14
463,1,0.14
463,2,0.14
464,1,0.14
464,2,0.14
465,1,0.14
465,2,0.14
466,1,0.14
466,2,0.14
467,1,0.14
467,2,0.14
468,1,0.14
468,2,0.14
469,1,0.14
469,2,0.14
470,1,0.14
470,2,0.14
471,1,0.14
471,2,0.14
472,1,0.14
472,2,0.14
473,1,0.14
473,2,0.14
474,1,0.14
474,2,0.13
475,1,0.14
475,2,0.13
476,1,0.14
476,2,0.13
477,1,0.14
477,2,0.13
478,1,0.14
478,2,0.13
479,1,0.14
479,2,0.13
480,1,0.14
480,2,0.13
481,1,0.14
481,2,0.13
482,1,0.14
482,2,0.13
483,1,0.14
483,2,0.13
484,1,0.14
484,2,0.13
485,1,0.14
485,2,0.13
486,1,0.14
486,2,0.13
487,1,0.14
487,2,0.13
488,1,0.14
488,2,0.13
489,1,0.14
489,2,0.13
490,1,0.14
490,2,0.13
491,1,0.14
491,2,0.13
492,1,0.14
492,2,0.13
493,1,0.14
493,2,0.13
494,1,0.14
494,2,0.13
495,1,0.14
495,2,0.13
496,1,0.14
496,2,0.13
497,1,0.14
497,2,0.13
498,1,0.14
498,2,0.13
499,1,0.14
499,2,0.13
500,1,0.14
500,2,0.13
501,1,0.14
501,2,0.13
502,1,0.14
502,2,0.13
503,1,0.14
503,2,0.13
504,1,0.14
504,2,0.13
505,1,0.14
505,2,0.13
506,1,0.14
506,2,0.13
507,1,0.14
507,2,0.13
508,1,0.14
508,2,0.13
509,1,0.14
509,2,0.13
510,1,0.14
510,2,0.13
511,1,0.14
511,2,0.13
512,1,0.14
512,2,0.13
513,1,0.14
514,1,0.14
515,1,0.14
516,1,0.14
517,1,0.14
518,1,0.14
519,1,0.14
520,1,0.14
521,1,0.14
522,1,0.14
523,1,0.14
524,1,0.14
525,1,0.14
526,1,0.14
527,1,0.14
528,1,0.14
529,1,0.14
530,1,0.14
531,1,0.14
532,1,0.14
533,1,0.14
534,1,0.14
535,1,0.14
536,1,0.14
537,1,0.14
538,1,0.14
539,1,0.14
540,1,0.14
541,1,0.14
542,1,0.14
543,1,0.14
544,1,0.14
545,1,0.14
546,1,0.14
547,1,0.14
548,1,0.14
549,1,0.14
550,1,0.14
551,1,0.14
552,1,0.14
553,1,0.14
554,1,0.14
555,1,0.14
556,1,0.14
557,1,0.14
558,1,0.14
559,1,0.14
560,1,0.14
561,1,0.14
562,1,0.14
563,1,0.14
564,1,0.14
565,1,0.14
566,1,0.14
567,1,0.14
568,1,0.14
569,1,0.14
570,1,0.14
571,1,0.14
572,1,0.14
573,1,0.14
574,1,0.14
575,1,0.14
576,1,0.14
577,1,0.14
578,1,0.14
579,1,0.14
580,1,0.14
581,1,0.14
582,1,0.14
583,1,0.14
584,1,0.14
585,1,0.14
586,1,0.14
587,1,0.14
588,1,0.14
589,1,0.14
590,1,0.14
591,1,0.14
592,1,0.14
593,1,0.14
594,1,0.14
595,1,0.14
596,1,0.14
597,1,0.14
598,1,0.14
599,1,0.14
600,1,0.14
601,1,0.14
602,1,0.14
603,1,0.14
604,1,0.14
605,1,0.14
606,1,0.14
607,1,0.14
608,1,0.14
609,1,0.14
610,1,0.14
611,1,0.14
612,1,0.14
613,1,0.14
614,1,0.14
615,1,0.14
616,1,0.14
617,1,0.14
618,1,0.14
619,1,0.14
620,1,0.14
621,1,0.14
622,1,0.14
623,1,0.14
624,1,0.14
625,1,0.14
626,1,0.14
627,1,0.14
628,1,0.14
629,1,0.14
630,1,0.14
631,1,0.14
632,1,0.14
633,1,0.14
634,1,0.14
635,1,0.14
636,1,0.14
637,1,0.14
638,1,0.14
639,1,0.14
640,1,0.14
641,1,0.14
642,1,0.14
643,1,0.14
644,1,0.14
645,1,0.14
646,1,0.14
647,1,0.14
648,1,0.14
649,1,0.14
650,1,0.14
651,1,0.14
652,1,0.14
653,1,0.14
654,1,0.14
655,1,0.14
656,1,0.14
657,1,0.14
658,1,0.14
659,1,0.14
660,1,0.14
661,1,0.14
662,1,0.14
663,1,0.14
664,1,0.14
665,1,0.14
666,1,0.14
667,1,0.14
668,1,0.14
669,1,0.14
670,1,0.14
671,1,0.14
672,1,0.14
673,1,0.14
674,1,0.14
675,1,0.14
676,1,0.14
677,1,0.14
678,1,0.14
679,1,0.14
680,1,0.14
681,1,0.14
682,1,0.14
683,1,0.14
684,1,0.14
685,1,0.14
686,1,0.14
687,1,0.14
688,1,0.14
689,1,0.14
690,1,0.14
691,1,0.14
692,1,0.14
693,1,0.14
694,1,0.14
695,1,0.14
696,1,0.14
697,1,0.14
698,1,0.14
699,1,0.14
700,1,0.14
701,1,0.14
702,1,0.14
703,1,0.14
704,1,0.14
705,1,0.14
706,1,0.14
707,1,0.14
708,1,0.14
709,1,0.14
710,1,0.14
711,1,0.14
712,1,0.14
713,1,0.14
714,1,0.14
715,1,0.14
716,1,0.14
717,1,0.14
718,1,0.14
719,1,0.14
720,1,0.14
721,1,0.14
722,1,0.14
723,1,0.14
724,1,0.14
725,1,0.14
726,1,0.14
727,1,0.14
728,1,0.14
729,1,0.14
730,1,0.14
731,1,0.14
732,1,0.14
733,1,0.14
734,1,0.14
735,1,0.14
736,1,0.14
737,1,0.14
738,1,0.14
739,1,0.14
740,1,0.14
741,1,0.14
742,1,0.14
743,1,0.14
744,1,0.14
745,1,0.14
746,1,0.14
747,1,0.14
748,1,0.14
749,1,0.14
750,1,0.14
751,1,0.14
752,1,0.14
753,1,0.14
754,1,0.14
755,1,0.14
756,1,0.14
757,1,0.14
758,1,0.14
759,1,0.14
760,1,0.14
761,1,0.14
762,1,0.14
763,1,0.14
764,1,0.14
765,1,0.14
766,1,0.14
767,1,0.14
768,1,0.14
769,1,0.14
770,1,0.14
771,1,0.14
772,1,0.14
773,1,0.14
774,1,0.14
775,1,0.14
776,1,0.14
777,1,0.14
778,1,0.14
779,1,0.14
780,1,0.14
781,1,0.14
782,1,0.14
783,1,0.14
784,1,0.14
785,1,0.14
786,1,0.14
787,1,0.14
788,1,0.14
789,1,0.14
790,1,0.14
791,1,0.14
792,1,0.14
793,1,0.14
794,1,0.14
795,1,0.14
796,1,0.14
797,1,0.14
798,1,0.14
799,1,0.14
800,1,0.14
801,1,0.14
802,1,0.14
803,1,0.14
804,1,0.14
805,1,0.14
806,1,0.14
807,1,0.14
808,1,0.14
809,1,0.14
810,1,0.14
811,1,0.14
812,1,0.14
813,1,0.14
814,1,0.14
815,1,0.14
816,1,0.14
817,1,0.14
818,1,0.14
819,1,0.14
820,1,0.14
821,1,0.14
822,1,0.14
823,1,0.14
824,1,0.14
825,1,0.14
826,1,0.14
827,1,0.14
828,1,0.14
829,1,0.14
830,1,0.14
831,1,0.14
832,1,0.14
833,1,0.15
834,1,0.15
835,1,0.15
836,1,0.15
837,1,0.15
838,1,0.15
839,1,0.15
840,1,0.15
841,1,0.15
842,1,0.15
843,1,0.15
844,1,0.15
845,1,0.15
846,1,0.15
847,1,0.15
848,1,0.15
849,1,0.15
850,1,0.15
851,1,0.15
852,1,0.15
853,1,0.15
854,1,0.15
855,1,0.15
856,1,0.15
857,1,0.15
858,1,0.15
859,1,0.15
860,1,0.15
861,1,0.15
862,1,0.15
863,1,0.15
864,1,0.15
865,1,0.15
866,1,0.15
867,1,0.15
868,1,0.15
869,1,0.15
870,1,0.15
871,1,0.15
872,1,0.15
873,1,0.15
874,1,0.15
875,1,0.15
876,1,0.15
877,1,0.15
878,1,0.15
879,1,0.15
880,1,0.15
881,1,0.15
882,1,0.15
883,1,0.15
884,1,0.15
885,1,0.15
886,1,0.15
887,1,0.15
888,1,0.15
889,1,0.15
890,1,0.15
891,1,0.15
892,1,0.15
893,1,0.15
894,1,0.15
895,1,0.15
896,1,0.15
897,1,0.15
898,1,0.15
899,1,0.15
900,1,0.15
901,1,0.15
902,1,0.15
903,1,0.15
904,1,0.15
905,1,0.15
906,1,0.15
907,1,0.15
908,1,0.15
909,1,0.15
910,1,0.15
911,1,0.15
912,1,0.15
913,1,0.15
914,1,0.15
915,1,0.15
916,1,0.15
917,1,0.15
918,1,0.15
919,1,0.15
920,1,0.15
921,1,0.15
922,1,0.15
923,1,0.15
924,1,0.15
925,1,0.15
926,1,0.15
927,1,0.15
928,1,0.15
929,1,0.15
930,1,0.15
931,1,0.15
932,1,0.15
933,1,0.15
934,1,0.15
935,1,0.15
936,1,0.15
937,1,0.15
938,1,0.15
939,1,0.15
940,1,0.15
941,1,0.15
942,1,0.15
943,1,0.15
944,1,0.15
945,1,0.15
946,1,0.15
947,1,0.15
948,1,0.15
949,1,0.15
950,1,0.15
951,1,0.15
952,1,0.15
953,1,0.15
954,1,0.15
955,1,0.15
956,1,0.15
957,1,0.15
958,1,0.15
959,1,0.15
960,1,0.15
961,1,0.15
962,1,0.15
963,1,0.15
964,1,0.15
965,1,0.15
966,1,0.15
967,1,0.15
968,1,0.15
969,1,0.15
970,1,0.15
971,1,0.15
972,1,0.15
973,1,0.15
974,1,0.15
975,1,0.15
976,1,0.15
977,1,0.15
978,1,0.15
979,1,0.15
980,1,0.15
981,1,0.15
982,1,0.15
983,1,0.15
984,1,0.15
985,1,0.15
986,1,0.15
987,1,0.15
988,1,0.15
989,1,0.15
990,1,0.15
991,1,0.15
992,1,0.15
993,1,0.15
994,1,0.15
995,1,0.15
996,1,0.15
997,1,0.15
998,1,0.15
999,1,0.15
1000,1,0.15
1001,1,0.15
1002,1,0.15
1003,1,0.15
1004,1,0.15
1005,1,0.15
1006,1,0.15
1007,1,0.15
1008,1,0.15
1009,1,0.15
1010,1,0.15
1011,1,0.15
1012,1,0.15
1013,1,0.15
1014,1,0.15
1015,1,0.15
1016,1,0.15
1017,1,0.15
1018,1,0.15
1019,1,0.15
1020,1,0.15
1021,1,0.15
1022,1,0.15
1023,1,0.15
1024,1,0.15