threadX,threadY,Performance
1,1,0.0388667147883
1,2,0.186275116736
1,3,0.25794762428
1,4,0.319276467571
1,5,0.372497907606
1,6,0.419027560048
1,7,0.460101319244
1,8,0.496503810526
1,9,0.529222389124
1,10,0.544084739203
1,11,0.546133952299
1,12,0.565777624481
1,13,0.584452110134
1,14,0.610974379209
1,15,0.644127445946
1,16,0.683789595349
1,17,0.689325916851
1,18,0.689072526912
1,19,0.688065864695
1,20,0.687393049131
1,21,0.680279620644
1,22,0.675533103649
1,23,0.671514470903
1,24,0.668466147643
1,25,0.658887149414
1,26,0.655512470262
1,27,0.652743688929
1,28,0.651377155035
1,29,0.645366459618
1,30,0.64545228157
1,31,0.644812274745
1,32,0.646261625095
1,33,0.721951817547
1,34,0.720258387077
1,35,0.717362435762
1,36,0.715642765743
1,37,0.705164140855
1,38,0.703246462609
1,39,0.701802748935
1,40,0.699893187503
1,41,0.69523212033
1,42,0.69430732892
1,43,0.693247719161
1,44,0.69136250817
1,45,0.687915802146
1,46,0.687364734409
1,47,0.687496542884
1,48,0.685898513433
1,49,0.682149438584
1,50,0.682552989578
1,51,0.682895436812
1,52,0.682488131683
1,53,0.680917442847
1,54,0.680482991923
1,55,0.682260291757
1,56,0.682087513949
1,57,0.680248188787
1,58,0.681530319201
1,59,0.682396795638
1,60,0.683821740821
1,61,0.686498621347
1,62,0.686582138282
1,63,0.688087815992
1,64,0.689637291224
1,65,0.681998693066
1,66,0.680940002686
1,67,0.680863438017
1,68,0.680949625532
1,69,0.676499866954
1,70,0.676520314407
1,71,0.676216240351
1,72,0.674837456809
1,73,0.674129354557
1,74,0.674950161877
1,75,0.674874260474
1,76,0.675042012337
1,77,0.674373563828
1,78,0.674510838237
1,79,0.675081425291
1,80,0.674743701919
1,81,0.675046066366
1,82,0.674990275311
1,83,0.67557234805
1,84,0.676199744043
1,85,0.675478192572
1,86,0.675322127783
1,87,0.676609161558
1,88,0.676605068128
1,89,0.676546569279
1,90,0.677531080999
1,91,0.677689564634
1,92,0.678480341056
1,93,0.678582954832
1,94,0.677332740044
1,95,0.679411432409
1,96,0.68031810984
1,97,0.701314258156
1,98,0.700491021045
1,99,0.700905446993
1,100,0.698520633857
1,101,0.699940342951
1,102,0.699720812471
1,103,0.699320752933
1,104,0.699499025132
1,105,0.697843129453
1,106,0.69883308084
1,107,0.698675693894
1,108,0.698652238754
1,109,0.698386016894
1,110,0.697945546218
1,111,0.697346381764
1,112,0.697356534348
1,113,0.697067030279
1,114,0.696526686456
1,115,0.696611604352
1,116,0.695816710419
1,117,0.695064760299
1,118,0.69514832977
1,119,0.695305513138
1,120,0.695529417241
1,121,0.695102724134
1,122,0.693712564357
1,123,0.694876188852
1,124,0.694129428852
1,125,0.694245555327
1,126,0.693582931749
1,127,0.694063518047
1,128,0.694700451516
2,1,0.103707780887
2,2,0.137725723901
2,3,0.200083966556
2,4,0.261689433837
2,5,0.311986281674
2,6,0.37318647084
2,7,0.423878652163
2,8,0.481098323459
2,9,0.517559504032
2,10,0.555486439325
2,11,0.588630426087
2,12,0.642286233864
2,13,0.689040869587
2,14,0.742830477829
2,15,0.775123740202
2,16,0.80241773045
2,17,0.618238264266
2,18,0.639514681257
2,19,0.65530774837
2,20,0.676866279365
2,21,0.68777357184
2,22,0.702015589829
2,23,0.715741583792
2,24,0.733805922776
2,25,0.734362055859
2,26,0.744358209719
2,27,0.75534349628
2,28,0.76661896769
2,29,0.776307656732
2,30,0.787731382577
2,31,0.797433452979
2,32,0.818337641385
2,33,0.713891425265
2,34,0.726637160735
2,35,0.735286740007
2,36,0.745195311959
2,37,0.75236249573
2,38,0.762099520092
2,39,0.769048552453
2,40,0.775484318928
2,41,0.783513774066
2,42,0.790381134819
2,43,0.797081319417
2,44,0.803570722971
2,45,0.815772726045
2,46,0.823841355535
2,47,0.828870179166
2,48,0.837972577266
2,49,0.734240051917
2,50,0.74189602855
2,51,0.74617066709
2,52,0.756809570594
2,53,0.760783151521
2,54,0.770993540669
2,55,0.77600742875
2,56,0.778698756678
2,57,0.789511543435
2,58,0.796372431314
2,59,0.800640058486
2,60,0.806213385041
2,61,0.812181561312
2,62,0.81780766029
2,63,0.830320280343
2,64,0.838205014093
2,65,0.718624416427
2,66,0.718080870097
2,67,0.723950508512
2,68,0.731196389039
2,69,0.736880006193
2,70,0.744801622412
2,71,0.752081167577
2,72,0.757639230232
2,73,0.756576779149
2,74,0.765301077763
2,75,0.772061068044
2,76,0.779174345489
2,77,0.780203563166
2,78,0.788555981245
2,79,0.796914443155
2,80,0.795103183167
2,81,0.789993885312
2,82,0.796631344101
2,83,0.794060651989
2,84,0.803243850474
2,85,0.801887979201
2,86,0.81160380966
2,87,0.810768458621
2,88,0.816943226191
2,89,0.822330174678
2,90,0.825179721372
2,91,0.831840860769
2,92,0.833037252412
2,93,0.832805229307
2,94,0.842477093692
2,95,0.841181916834
2,96,0.854822421572
2,97,0.700991109149
2,98,0.709792550329
2,99,0.70841614842
2,100,0.717744685592
2,101,0.718332296502
2,102,0.715638155708
2,103,0.728136816505
2,104,0.726173442874
2,105,0.734837038316
2,106,0.736051184943
2,107,0.735175941559
2,108,0.745458467029
2,109,0.745992955275
2,110,0.744606569335
2,111,0.755628642049
2,112,0.754863017243
2,113,0.737952404094
2,114,0.747481039989
2,115,0.747455820514
2,116,0.747393455891
2,117,0.755494189262
2,118,0.757438159593
2,119,0.757488861222
2,120,0.756134053803
2,121,0.766504408539
2,122,0.767373170292
2,123,0.766973984165
2,124,0.765435837011
2,125,0.777966859991
2,126,0.779077941908
2,127,0.778984261443
2,128,0.787622203989
3,1,0.14518112242
3,2,0.199015357815
3,3,0.280309606011
3,4,0.372432719171
3,5,0.443615122642
3,6,0.51586548691
3,7,0.585647619611
3,8,0.659432893501
3,9,0.695071104022
3,10,0.775689159025
3,11,0.609552253459
3,12,0.648953784843
3,13,0.682187100337
3,14,0.712512976641
3,15,0.733862961561
3,16,0.769912448058
3,17,0.779004343334
3,18,0.799083900236
3,19,0.812061906168
3,20,0.828666991764
3,21,0.846211572285
3,22,0.734289057071
3,23,0.75153062739
3,24,0.76726389101
3,25,0.78143322105
3,26,0.791845591461
3,27,0.804201225156
3,28,0.820908484538
3,29,0.834625067987
3,30,0.849020718787
3,31,0.859520723643
3,32,0.881375927684
3,33,0.753310431441
3,34,0.767831067601
3,35,0.781031184844
3,36,0.792659348011
3,37,0.804658765658
3,38,0.81631096186
3,39,0.82709010149
3,40,0.836577625767
3,41,0.848452973056
3,42,0.853623079156
3,43,0.727194381752
3,44,0.736621152509
3,45,0.750818858562
3,46,0.761877896927
3,47,0.766695422909
3,48,0.778308534508
3,49,0.786782759519
3,50,0.798175349021
3,51,0.802240384199
3,52,0.814729282053
3,53,0.819777537442
3,54,0.807271631053
3,55,0.808788722212
3,56,0.817227879435
3,57,0.824700538222
3,58,0.831282926138
3,59,0.835015425875
3,60,0.842807262823
3,61,0.847203093186
3,62,0.855897897207
3,63,0.866785228186
3,64,0.882209812093
3,65,0.723949308939
3,66,0.722975008906
3,67,0.727397685171
3,68,0.736496386049
3,69,0.743306443148
3,70,0.749451790551
3,71,0.755285146284
3,72,0.762715239957
3,73,0.760193172112
3,74,0.76821498326
3,75,0.753535204577
3,76,0.763348412723
3,77,0.762468701589
3,78,0.770664814089
3,79,0.779247245772
3,80,0.780736593538
3,81,0.786669754558
3,82,0.794402083527
3,83,0.795279229153
3,84,0.802903384285
3,85,0.80265362152
3,86,0.755321299815
3,87,0.756709546406
3,88,0.763023628533
3,89,0.767875506499
3,90,0.769712719277
3,91,0.778043809924
3,92,0.780311032145
3,93,0.781261765399
3,94,0.789370488622
3,95,0.792475189589
3,96,0.803772548815
3,97,0.560349503084
3,98,0.569661730013
3,99,0.5692573669
3,100,0.578218817448
3,101,0.578649192454
3,102,0.577866563491
3,103,0.587604629817
3,104,0.587895329081
3,105,0.596430401738
3,106,0.596966431041
3,107,0.581043280386
3,108,0.592654030053
3,109,0.591564735257
3,110,0.59185703468
3,111,0.603694961006
3,112,0.603407273807
3,113,0.602822618048
3,114,0.613676485776
3,115,0.613763612373
3,116,0.613062862974
3,117,0.623187640313
3,118,0.623270156875
3,119,0.62232457215
3,120,0.623286979344
3,121,0.633935028491
3,122,0.633914699244
3,123,0.632440665725
3,124,0.634310286654
3,125,0.645960615639
3,126,0.645963139557
3,127,0.646076866887
3,128,0.659272533893
4,1,0.184968841647
4,2,0.257154251703
4,3,0.362172521506
4,4,0.475167069059
4,5,0.540776064982
4,6,0.645332875972
4,7,0.734335374132
4,8,0.82503345236
4,9,0.661324198669
4,10,0.716705354733
4,11,0.777144329927
4,12,0.841025528073
4,13,0.866418894578
4,14,0.89844532436
4,15,0.92777670929
4,16,0.959237011012
4,17,0.807102329378
4,18,0.832602967852
4,19,0.859740170941
4,20,0.887179530522
4,21,0.908552381741
4,22,0.929636197336
4,23,0.954042005032
4,24,0.969840625639
4,25,0.813340354684
4,26,0.833444772064
4,27,0.853923002867
4,28,0.871068351293
4,29,0.888617055891
4,30,0.906055743514
4,31,0.922440315769
4,32,0.945156825828
4,33,0.793544673931
4,34,0.808954306964
4,35,0.827380969307
4,36,0.842135664342
4,37,0.855242803791
4,38,0.868365684342
4,39,0.8820560764
4,40,0.887184390103
4,41,0.870502153185
4,42,0.881553757705
4,43,0.892251624125
4,44,0.904383147951
4,45,0.914982511539
4,46,0.926449461387
4,47,0.934860929943
4,48,0.94702895973
4,49,0.770056433943
4,50,0.778968008115
4,51,0.78498317566
4,52,0.798649488713
4,53,0.801911788959
4,54,0.814334329453
4,55,0.82003841814
4,56,0.821995257605
4,57,0.815180445997
4,58,0.82260990486
4,59,0.828946376084
4,60,0.835494250029
4,61,0.84334645742
4,62,0.850516543806
4,63,0.864559818064
4,64,0.873772075531
4,65,0.811192271004
4,66,0.812303123076
4,67,0.819526778681
4,68,0.829168515852
4,69,0.836315473259
4,70,0.844558447881
4,71,0.853875788316
4,72,0.861835164792
4,73,0.589103571973
4,74,0.597983593892
4,75,0.606773947785
4,76,0.61482923094
4,77,0.613265533772
4,78,0.621368985882
4,79,0.630554005616
4,80,0.631356219565
4,81,0.615464610218
4,82,0.622801356155
4,83,0.622230703432
4,84,0.632768998284
4,85,0.631979489293
4,86,0.642072777861
4,87,0.641600779011
4,88,0.650230018091
4,89,0.659254995621
4,90,0.660196497861
4,91,0.669636148697
4,92,0.670841364201
4,93,0.669290448607
4,94,0.680423249722
4,95,0.680631130341
4,96,0.695340657541
4,97,0.658553375
4,98,0.668528632661
4,99,0.668577469262
4,100,0.680011229485
4,101,0.680206518973
4,102,0.680806747282
4,103,0.691690383228
4,104,0.689426744402
4,105,0.701932920037
4,106,0.703046020213
4,107,0.703274613155
4,108,0.715021264728
4,109,0.715191512051
4,110,0.71505027774
4,111,0.72712807036
4,112,0.72653811722
4,113,0.706600604559
4,114,0.718125987585
4,115,0.718579474058
4,116,0.719643398338
4,117,0.73153485886
4,118,0.732652868963
4,119,0.731767525531
4,120,0.73300792703
4,121,0.744829094368
4,122,0.745959857588
4,123,0.746670790218
4,124,0.748371468469
4,125,0.760084521073
4,126,0.761238982413
4,127,0.762212498784
4,128,0.776796530587
5,1,0.209224341625
5,2,0.304111372159
5,3,0.423570964067
5,4,0.554635883488
5,5,0.649575128251
5,6,0.762210106207
5,7,0.639834133042
5,8,0.711533803893
5,9,0.753588086451
5,10,0.798137194742
5,11,0.837186325508
5,12,0.87876472374
5,13,0.754563432826
5,14,0.786419477378
5,15,0.818001167932
5,16,0.846112406186
5,17,0.869156298778
5,18,0.897062388284
5,19,0.91682770979
5,20,0.782806249709
5,21,0.803535123256
5,22,0.823491778726
5,23,0.846195185428
5,24,0.861320543914
5,25,0.883343653048
5,26,0.749937921588
5,27,0.774511776662
5,28,0.792110985879
5,29,0.808005710174
5,30,0.824024027625
5,31,0.838579131786
5,32,0.860471524756
5,33,0.835195552158
5,34,0.851302933471
5,35,0.863481028282
5,36,0.875004953434
5,37,0.884774079488
5,38,0.898372660489
5,39,0.741897383541
5,40,0.747983067547
5,41,0.758257712615
5,42,0.763953014655
5,43,0.776954887259
5,44,0.787774457728
5,45,0.781456636788
5,46,0.789503636765
5,47,0.796705608131
5,48,0.809449183058
5,49,0.816027505999
5,50,0.824880721419
5,51,0.831463930209
5,52,0.782529958447
5,53,0.787933024545
5,54,0.801145290741
5,55,0.807769615528
5,56,0.81453028002
5,57,0.827201099137
5,58,0.577518700669
5,59,0.583598955954
5,60,0.590014180849
5,61,0.595030693541
5,62,0.599841214721
5,63,0.613885881184
5,64,0.625523770079
5,65,0.6104229678
5,66,0.609859017796
5,67,0.615922901547
5,68,0.623029874671
5,69,0.628899049018
5,70,0.636196732241
5,71,0.643787161443
5,72,0.651549606681
5,73,0.650723593918
5,74,0.658978365064
5,75,0.666498886347
5,76,0.673799677951
5,77,0.643268296093
5,78,0.650771517706
5,79,0.659759623712
5,80,0.662292540243
5,81,0.667792668811
5,82,0.677434375336
5,83,0.677059084339
5,84,0.685441896689
5,85,0.684825250877
5,86,0.694871712346
5,87,0.695569778032
5,88,0.704404288442
5,89,0.712413438411
5,90,0.6926957408
5,91,0.702319425285
5,92,0.70436436764
5,93,0.705496893006
5,94,0.715782566259
5,95,0.715262153285
5,96,0.730183639212
5,97,0.728133684045
5,98,0.737293740418
5,99,0.737431899183
5,100,0.747531531474
5,101,0.746871799565
5,102,0.748770499177
6,1,0.242567650014
6,2,0.351838204285
6,3,0.483864736293
6,4,0.640626264456
6,5,0.714563227323
6,6,0.658359396722
6,7,0.740425922097
6,8,0.814703287673
6,9,0.855998958981
6,10,0.906620175098
6,11,0.774932239873
6,12,0.82093434539
6,13,0.860010963434
6,14,0.895150263533
6,15,0.931367952827
6,16,0.967131315072
6,17,0.817272626983
6,18,0.846642065497
6,19,0.874141399313
6,20,0.900922826344
6,21,0.925696762628
6,22,0.783955194768
6,23,0.812170804564
6,24,0.82583632301
6,25,0.845741254588
6,26,0.863581803297
6,27,0.85336939589
6,28,0.870897655224
6,29,0.886284667127
6,30,0.901388507738
6,31,0.915003363957
6,32,0.94267044088
6,33,0.768201584388
6,34,0.781292104945
6,35,0.795719364912
6,36,0.80759637803
6,37,0.817088982977
6,38,0.811624795608
6,39,0.823517101084
6,40,0.831218843149
6,41,0.842791283119
6,42,0.853033495956
6,43,0.80128265271
6,44,0.813165479814
6,45,0.829952125487
6,46,0.841793602372
6,47,0.848036962271
6,48,0.860481469385
6,49,0.597387469959
6,50,0.60689333806
6,51,0.613427609556
6,52,0.625423139538
6,53,0.630085620805
6,54,0.621836442556
6,55,0.626413395196
6,56,0.630847614061
6,57,0.64372996505
6,58,0.651066925509
6,59,0.65779088703
6,60,0.664410533923
6,61,0.670449966538
6,62,0.676336296082
6,63,0.691240841334
6,64,0.698407764614
6,65,0.67124056784
6,66,0.671367177439
6,67,0.678319784438
6,68,0.687585142678
6,69,0.694498824871
6,70,0.703265062546
6,71,0.710796294608
6,72,0.717542378168
6,73,0.71633414841
6,74,0.726214830306
6,75,0.712408158542
6,76,0.721240887106
6,77,0.722730267708
6,78,0.73175138822
6,79,0.73947403524
6,80,0.742292701704
6,81,0.74905677447
6,82,0.755929831003
6,83,0.75988983356
6,84,0.769388136475
6,85,0.768810498651
7,1,0.261944518062
7,2,0.388399840279
7,3,0.534390479154
7,4,0.711919836316
7,5,0.63410668772
7,6,0.735939267915
7,7,0.814547327956
7,8,0.880042611871
7,9,0.931821846454
7,10,0.796437672284
7,11,0.847222522754
7,12,0.896176572028
7,13,0.94078336705
7,14,0.796647354451
7,15,0.83207863
7,16,0.867105303836
7,17,0.892346412224
7,18,0.925014724804
7,19,0.787219202434
7,20,0.81977316163
7,21,0.843745341465
7,22,0.863886816434
7,23,0.848275123334
7,24,0.862486615712
7,25,0.881195497131
7,26,0.89904243991
7,27,0.919761902943
7,28,0.764934431128
7,29,0.776040053613
7,30,0.790774997297
7,31,0.802826624794
7,32,0.829082580071
7,33,0.814420589206
7,34,0.83051333924
7,35,0.845598170572
7,36,0.858850655274
7,37,0.81084596675
7,38,0.823588392451
7,39,0.838292508442
7,40,0.848231474665
7,41,0.863082862229
7,42,0.596934025078
7,43,0.607800030814
7,44,0.617488212008
7,45,0.630950508028
7,46,0.621100194135
7,47,0.625405465548
7,48,0.638153488524
7,49,0.647253870554
7,50,0.657680462901
7,51,0.660197894443
7,52,0.673502332882
7,53,0.680180167786
7,54,0.692873975786
7,55,0.66243225101
7,56,0.667064351139
7,57,0.678840390044
7,58,0.687168054906
7,59,0.695023683705
7,60,0.702259593335
7,61,0.708687148868
7,62,0.716465129442
7,63,0.730311246995
7,64,0.745571196176
7,65,0.723357422911
7,66,0.723918877455
7,67,0.731094151772
7,68,0.74026146468
7,69,0.746645340899
7,70,0.755876218003
7,71,0.763253184635
7,72,0.771509422411
7,73,0.769094902349
8,1,0.28488805155
8,2,0.429173437163
8,3,0.573464687109
8,4,0.762475820219
8,5,0.703643107306
8,6,0.81607093358
8,7,0.900167295018
8,8,0.972871854995
8,9,0.831911053258
8,10,0.889617713679
8,11,0.943929265006
8,12,0.996030490614
8,13,0.848542774611
8,14,0.890834003337
8,15,0.927844060457
8,16,0.966007374966
8,17,0.824253916455
8,18,0.857122399995
8,19,0.882448413145
8,20,0.912319025507
8,21,0.895589079324
8,22,0.919140469787
8,23,0.93623310927
8,24,0.955436512164
8,25,0.780132790592
8,26,0.799994252998
8,27,0.818724437769
8,28,0.840355218914
8,29,0.840041458531
8,30,0.859586071874
8,31,0.871700037727
8,32,0.89957109447
8,33,0.836916404237
8,34,0.857197517736
8,35,0.874683643188
8,36,0.890492746919
8,37,0.616085809151
8,38,0.628523543498
8,39,0.638637695429
8,40,0.64861348064
8,41,0.636844380867
8,42,0.647594308286
8,43,0.657621397101
8,44,0.66797941682
8,45,0.682970237148
8,46,0.696423901939
8,47,0.700786641182
8,48,0.715430780748
8,49,0.686155685965
8,50,0.698251804897
8,51,0.706311750623
8,52,0.718997019332
8,53,0.72338252418
8,54,0.736562364712
8,55,0.742258076095
8,56,0.748484388058
8,57,0.736279780074
8,58,0.744777598132
8,59,0.753648170136
8,60,0.761838902073
8,61,0.766363211441
8,62,0.7732853979
8,63,0.788345651135
8,64,0.804568504412
9,1,0.295081686088
9,2,0.4538928345
9,3,0.599408565344
9,4,0.654680385211
9,5,0.754659300102
9,6,0.873840534332
9,7,0.945956607798
9,8,0.823232285853
9,9,0.879901789093
9,10,0.940652381639
9,11,0.801967667574
9,12,0.855381030415
9,13,0.902661680763
9,14,0.943979266155
9,15,0.811523580604
9,16,0.848422140984
9,17,0.875306656803
9,18,0.864405964166
9,19,0.890202671521
9,20,0.917675461517
9,21,0.941593316927
9,22,0.77605624346
9,23,0.795692654728
9,24,0.805081941041
9,25,0.807239332351
9,26,0.830209287074
9,27,0.849218072503
9,28,0.87053407319
9,29,0.824308842855
9,30,0.844732366158
9,31,0.862128096836
9,32,0.890154894396
9,33,0.610036055399
9,34,0.625245372999
9,35,0.639052090732
9,36,0.635878863104
9,37,0.642768334951
9,38,0.655782520684
9,39,0.667767919972
9,40,0.675747761414
9,41,0.687861755724
9,42,0.697649135853
9,43,0.672086242206
9,44,0.684836379755
9,45,0.699160673517
9,46,0.711791236916
9,47,0.715691534485
9,48,0.729276298514
9,49,0.739178032028
9,50,0.727841936251
9,51,0.732600394244
9,52,0.747019285661
9,53,0.753645591493
9,54,0.761851990107
9,55,0.769872726456
9,56,0.779430322827
10,1,0.305981864311
10,2,0.475106460013
10,3,0.603555458195
10,4,0.709456451196
10,5,0.817861308314
10,6,0.929620677323
10,7,0.815042679063
10,8,0.88387911321
10,9,0.944022083005
10,10,0.806348181501
10,11,0.867007107463
10,12,0.92083279919
10,13,0.791364882579
10,14,0.83820068425
10,15,0.871755073577
10,16,0.911363351679
10,17,0.896763230723
10,18,0.926195758421
10,19,0.955835805552
10,20,0.788833244424
10,21,0.808362723018
10,22,0.830963504999
10,23,0.832977829805
10,24,0.847329989543
10,25,0.867868901628
10,26,0.831001009145
10,27,0.854318725995
10,28,0.875936268065
10,29,0.605915117527
10,30,0.620516549694
10,31,0.633086690112
10,32,0.662451514214
10,33,0.641893711055
10,34,0.658214095249
10,35,0.671908315869
10,36,0.685363195555
10,37,0.697081162466
10,38,0.710352680527
10,39,0.685547927495
10,40,0.694654193558
10,41,0.707455431135
10,42,0.720109942199
10,43,0.732309392898
10,44,0.74404038874
10,45,0.734637053422
10,46,0.745856258763
10,47,0.752680345166
10,48,0.766213573557
10,49,0.772670111457
10,50,0.788095179133
10,51,0.795416761864
11,1,0.314251555684
11,2,0.496291943736
11,3,0.569092758442
11,4,0.757697501424
11,5,0.858293944295
11,6,0.782448229925
11,7,0.86774511584
11,8,0.933778423238
11,9,0.797435771131
11,10,0.857254070563
11,11,0.919799056849
11,12,0.796021057335
11,13,0.850646964454
11,14,0.88762516505
11,15,0.877505805486
11,16,0.915423187981
11,17,0.946588909342
11,18,0.781891788193
11,19,0.803450470229
11,20,0.830685902526
11,21,0.831925205146
11,22,0.856926226151
11,23,0.883772252774
11,24,0.837472758409
11,25,0.861544828903
11,26,0.88485968473
11,27,0.615206680292
11,28,0.632257881996
11,29,0.651171244516
11,30,0.644340540764
11,31,0.656447473359
11,32,0.682205124567
11,33,0.685468593739
11,34,0.701951018693
11,35,0.682377385771
11,36,0.694599291237
11,37,0.70656203437
11,38,0.720726548609
11,39,0.735683047599
11,40,0.744361013829
11,41,0.733122913036
11,42,0.744692980129
11,43,0.757194018181
11,44,0.764980036764
11,45,0.783037740888
11,46,0.794939553193
12,1,0.323328263674
12,2,0.514200014354
12,3,0.609256401288
12,4,0.806710776296
12,5,0.885034257518
12,6,0.839707423625
12,7,0.926867275908
12,8,0.992516415911
12,9,0.85278618706
12,10,0.913679876757
12,11,0.795194593638
12,12,0.857996135158
12,13,0.9082930815
12,14,0.898243498516
12,15,0.937189516414
12,16,0.971792183046
12,17,0.80254192777
12,18,0.831180257638
12,19,0.83574192011
12,20,0.864429331746
12,21,0.894519380461
12,22,0.850214586513
12,23,0.879384315947
12,24,0.898816300838
12,25,0.621817367606
12,26,0.641943473603
12,27,0.642593260882
12,28,0.657631370188
12,29,0.67470592196
12,30,0.689956403713
12,31,0.70368889244
12,32,0.729029479955
12,33,0.697794347577
12,34,0.714565127375
12,35,0.73456728122
12,36,0.744736790785
12,37,0.761673277919
12,38,0.749002207066
12,39,0.7615900762
12,40,0.770769292893
12,41,0.786138477576
12,42,0.79832052791
13,1,0.330698251772
13,2,0.53083308851
13,3,0.638019197722
13,4,0.853114784489
13,5,0.767440109927
13,6,0.878734235341
13,7,0.966425570373
13,8,0.825960986587
13,9,0.880780661839
13,10,0.759619840052
13,11,0.835733216644
13,12,0.893501615634
13,13,0.893080933523
13,14,0.931434520331
13,15,0.777115629942
13,16,0.807839967814
13,17,0.83377672523
13,18,0.840928130686
13,19,0.873507996702
13,20,0.837981366103
13,21,0.863957939249
13,22,0.894726930542
13,23,0.620610061605
13,24,0.640613460992
13,25,0.636635701263
13,26,0.653969246815
13,27,0.675811973554
13,28,0.690517400756
13,29,0.705322267682
13,30,0.688047240679
13,31,0.702923871797
13,32,0.735654343235
13,33,0.735273369592
13,34,0.752772031451
13,35,0.744248140208
13,36,0.758648048613
13,37,0.767860141905
13,38,0.784559343576
13,39,0.799828990029
14,1,0.33655883867
14,2,0.544955059525
14,3,0.658184186935
14,4,0.89324709836
14,5,0.808337339368
14,6,0.920449619034
14,7,0.805698589042
14,8,0.865372825975
14,9,0.920012311464
14,10,0.811406326793
14,11,0.877646904079
14,12,0.886723498241
14,13,0.934949218899
14,14,0.777781572045
14,15,0.80954313058
14,16,0.846202463854
14,17,0.851375012879
14,18,0.88666763276
14,19,0.854471748074
14,20,0.888139569217
14,21,0.613160420158
14,22,0.634218009339
14,23,0.636958532864
14,24,0.652274890398
14,25,0.672876383818
14,26,0.687746789419
14,27,0.711141633512
14,28,0.692558063615
14,29,0.709798200139
14,30,0.729235904889
14,31,0.743800237876
14,32,0.776251403798
14,33,0.750948210978
14,34,0.768336914965
14,35,0.784166008648
14,36,0.799861036996
15,1,0.342028380334
15,2,0.557845564541
15,3,0.666730230863
15,4,0.919260877947
15,5,0.845995844099
15,6,0.961343888948
15,7,0.846454430943
15,8,0.896749426886
15,9,0.781655144107
15,10,0.840911264437
15,11,0.863557652055
15,12,0.920977376104
15,13,0.772820031722
15,14,0.806183573043
15,15,0.820190691581
15,16,0.855308036005
15,17,0.889138882959
15,18,0.861304321232
15,19,0.894522005073
15,20,0.623465332536
15,21,0.649511831113
15,22,0.644749397895
15,23,0.668118777346
15,24,0.680583059891
15,25,0.700083315328
15,26,0.686337425541
15,27,0.706860524286
15,28,0.726925106236
15,29,0.743232750447
15,30,0.742001971795
15,31,0.753374669849
15,32,0.789246192797
15,33,0.784914640244
15,34,0.802490755506
16,1,0.345055800829
16,2,0.567680850945
16,3,0.678522091862
16,4,0.93539716939
16,5,0.879753370482
16,6,1.0
16,7,0.890171298766
16,8,0.939103935238
16,9,0.824198276441
16,10,0.88645659998
16,11,0.909207317549
16,12,0.976058715717
16,13,0.810607391966
16,14,0.848844707825
16,15,0.867386883723
16,16,0.9025819902
16,17,0.875576895479
16,18,0.909753746793
16,19,0.633567412129
16,20,0.662716050544
16,21,0.658864909169
16,22,0.683927725657
16,23,0.702214556839
16,24,0.721114082687
16,25,0.700034132866
16,26,0.732438156473
16,27,0.749264186643
16,28,0.77225327323
16,29,0.762040581254
16,30,0.785814002035
16,31,0.796244801641
16,32,0.829613892078
17,1,0.354905838908
17,2,0.549680559927
17,3,0.69038852773
17,4,0.806100047352
17,5,0.896149270814
17,6,0.827645676378
17,7,0.912049857253
17,8,0.781065908959
17,9,0.840753759286
17,10,0.86613136061
17,11,0.931795153782
17,12,0.78277042015
17,13,0.830127845311
17,14,0.84893600009
17,15,0.886857723373
17,16,0.867158605997
17,17,0.604462459597
17,18,0.633489713557
17,19,0.636184421303
17,20,0.662450971342
17,21,0.681629452466
17,22,0.703169591479
17,23,0.689002312532
17,24,0.712327749988
17,25,0.721487186873
17,26,0.747012333396
17,27,0.744738340597
17,28,0.768549110104
17,29,0.781488171529
17,30,0.804664227214
18,1,0.358822048321
18,2,0.557024860104
18,3,0.700158389289
18,4,0.835823491024
18,5,0.912282436364
18,6,0.858322602689
18,7,0.943800943609
18,8,0.805095484387
18,9,0.838396024085
18,10,0.898279054451
18,11,0.760430372204
18,12,0.812976437732
18,13,0.840050006578
18,14,0.881604509681
18,15,0.863229393921
18,16,0.90160417901
18,17,0.634091038555
18,18,0.63914661615
18,19,0.664430007271
18,20,0.687924590982
18,21,0.713039089772
18,22,0.697160929643
18,23,0.725132870851
18,24,0.733311589554
18,25,0.740132455937
18,26,0.7576878742
18,27,0.777935077893
18,28,0.799044099829
19,1,0.359929660673
19,2,0.56527649879
19,3,0.701930120306
19,4,0.866127481701
19,5,0.911554506146
19,6,0.88918342474
19,7,0.788797047112
19,8,0.82622913039
19,9,0.865255950862
19,10,0.926688876747
19,11,0.785160688275
19,12,0.820677619414
19,13,0.865976843444
19,14,0.850125559863
19,15,0.895107507975
19,16,0.632991532073
19,17,0.635797979536
19,18,0.664062115095
19,19,0.686063767646
19,20,0.71589983977
19,21,0.699846855119
19,22,0.723993747838
19,23,0.745278025531
19,24,0.742114668106
19,25,0.766649904833
19,26,0.784051193384
20,1,0.361703191048
20,2,0.571863689373
20,3,0.705792677318
20,4,0.893416896938
20,5,0.800939739218
20,6,0.916222004602
20,7,0.816255100757
20,8,0.849706081702
20,9,0.893599654399
20,10,0.754854692474
20,11,0.814750014077
20,12,0.852989074569
20,13,0.843671480211
20,14,0.886773624163
20,15,0.624186205417
20,16,0.659761985644
20,17,0.662926216479
20,18,0.685964697862
20,19,0.716024779161
20,20,0.706120366311
20,21,0.730374001261
20,22,0.75523309623
20,23,0.752213796927
20,24,0.774129870504
20,25,0.795240468521
21,1,0.36252708267
21,2,0.579897559725
21,3,0.714831725743
21,4,0.915803993071
21,5,0.824384516602
21,6,0.937188804988
21,7,0.840986522274
21,8,0.85035628927
21,9,0.91624009888
21,10,0.776961395158
21,11,0.813737113209
21,12,0.872237995539
21,13,0.869832148297
21,14,0.610732332671
21,15,0.64815893688
21,16,0.656484379907
21,17,0.680951591255
21,18,0.711237675908
21,19,0.699895188249
21,20,0.727246184448
21,21,0.755214318984
21,22,0.749598760043
21,23,0.774890254844
21,24,0.797845457893
22,1,0.361994930087
22,2,0.58341712663
22,3,0.70590215142
22,4,0.935949865742
22,5,0.845710958821
22,6,0.780712527667
22,7,0.86280288469
22,8,0.875180587888
22,9,0.743043675531
22,10,0.800328638144
22,11,0.837161839348
22,12,0.845026701351
22,13,0.895450793597
22,14,0.635232759912
22,15,0.643704706173
22,16,0.678833724537
22,17,0.706146327857
22,18,0.694954323035
22,19,0.723146471124
22,20,0.755270346451
22,21,0.751223620073
22,22,0.774179147094
22,23,0.803925781037
23,1,0.362248650565
23,2,0.591692938448
23,3,0.719201086713
23,4,0.954099742109
23,5,0.868322777743
23,6,0.808046070965
23,7,0.84173653294
23,8,0.897955708434
23,9,0.766119663248
23,10,0.794852776836
23,11,0.860633674966
23,12,0.872852984278
23,13,0.621345298708
23,14,0.633748991908
23,15,0.669189758964
23,16,0.701479315358
23,17,0.688065823104
23,18,0.72331255278
23,19,0.750019376485
23,20,0.751512353614
23,21,0.77621637979
23,22,0.801817767011
24,1,0.358898823135
24,2,0.595460160111
24,3,0.726526614022
24,4,0.963603519714
24,5,0.884165401638
24,6,0.825129947879
24,7,0.867602986228
24,8,0.924267286213
24,9,0.788501628364
24,10,0.815075881822
24,11,0.838700137543
24,12,0.898848529492
24,13,0.643454571278
24,14,0.656222623608
24,15,0.686001328596
24,16,0.723937068049
24,17,0.71657430803
24,18,0.740837620551
24,19,0.745794699691
24,20,0.77868039972
24,21,0.804477133343
25,1,0.360111732976
25,2,0.600772669448
25,3,0.728010970868
25,4,0.815732216402
25,5,0.896968412305
25,6,0.846607739781
25,7,0.887718777655
25,8,0.749789940778
25,9,0.77644585271
25,10,0.830963270776
25,11,0.859455900772
25,12,0.621704988699
25,13,0.638376313449
25,14,0.673971284644
25,15,0.707580716388
25,16,0.710499498978
25,17,0.731989341328
25,18,0.742677287198
25,19,0.769082425046
25,20,0.797220334082
26,1,0.357506332072
26,2,0.604399390116
26,3,0.720900145103
26,4,0.836662683758
26,5,0.757505565484
26,6,0.866755521261
26,7,0.908521269477
26,8,0.769491958579
26,9,0.793228707035
26,10,0.821957352873
26,11,0.882218069002
26,12,0.639164824256
26,13,0.658419872238
26,14,0.690129713448
26,15,0.686240520678
26,16,0.731038065201
26,17,0.755356435462
26,18,0.760756594567
26,19,0.787134393989
27,1,0.355955254492
27,2,0.608418438771
27,3,0.724099209503
27,4,0.85665814364
27,5,0.780650027325
27,6,0.845740074717
27,7,0.928595695362
27,8,0.787381768554
27,9,0.809245500941
27,10,0.838184947525
27,11,0.608515446517
27,12,0.634366962065
27,13,0.677125715324
27,14,0.711534370844
27,15,0.710745017272
27,16,0.751363378998
27,17,0.747877629961
27,18,0.777840591876
28,1,0.352276074429
28,2,0.609269198185
28,3,0.724924646559
28,4,0.871800788663
28,5,0.797349285911
28,6,0.863431524036
28,7,0.749807076274
28,8,0.807089479945
28,9,0.832227482033
28,10,0.857617934978
28,11,0.625962130559
28,12,0.652981688006
28,13,0.689203262776
28,14,0.685943199689
28,15,0.726016640392
28,16,0.771286124662
28,17,0.770677549694
28,18,0.801605698833
29,1,0.349910813444
29,2,0.611159507358
29,3,0.726299704422
29,4,0.889229792149
29,5,0.807774205862
29,6,0.881003821682
29,7,0.764847129411
29,8,0.795677900864
29,9,0.814082150031
29,10,0.584358909061
29,11,0.640775109921
29,12,0.66868189553
29,13,0.707124508988
29,14,0.709144345697
29,15,0.745322322144
29,16,0.761337802651
29,17,0.784514202009
30,1,0.347529141523
30,2,0.613597708027
30,3,0.728365739986
30,4,0.906254274913
30,5,0.825673474508
30,6,0.898854028261
30,7,0.782605406727
30,8,0.811742894373
30,9,0.828319730917
30,10,0.601725482253
30,11,0.637044116216
30,12,0.682105271121
30,13,0.680332482817
30,14,0.726071326002
30,15,0.740713410097
30,16,0.784037413626
30,17,0.807972691291
31,1,0.343773775487
31,2,0.61284638396
31,3,0.722540658675
31,4,0.918050303769
31,5,0.837942371248
31,6,0.913536052859
31,7,0.796578867193
31,8,0.825119615797
31,9,0.846265489556
31,10,0.614661665142
31,11,0.652135532061
31,12,0.698949791778
31,13,0.705314816324
31,14,0.743499898254
31,15,0.755514284286
31,16,0.797102149946
32,1,0.340384576694
32,2,0.616196500339
32,3,0.728748403537
32,4,0.929795563138
32,5,0.854811380254
32,6,0.936798552172
32,7,0.817986052884
32,8,0.847687422675
32,9,0.867339934041
32,10,0.633345837123
32,11,0.674697367346
32,12,0.721561879947
32,13,0.72842280285
32,14,0.765373833572
32,15,0.780181318543
32,16,0.824696422902
33,1,0.362715706652
33,2,0.618504100861
33,3,0.732999199485
33,4,0.775959080296
33,5,0.830866976645
33,6,0.751232559951
33,7,0.802107417743
33,8,0.819960163562
33,9,0.591276522699
33,10,0.624774065873
33,11,0.678808859681
33,12,0.692928107579
33,13,0.733022273739
33,14,0.749264646333
33,15,0.786840450626
34,1,0.362205411239
34,2,0.6201299941
34,3,0.737749950007
34,4,0.789214951382
34,5,0.849000919277
34,6,0.767309846886
34,7,0.819313180392
34,8,0.837946539105
34,9,0.604398267158
34,10,0.639485508448
34,11,0.695002185531
34,12,0.709454216226
34,13,0.75295214241
34,14,0.768714215465
34,15,0.807273957961
35,1,0.361880079799
35,2,0.622756801239
35,3,0.739033827244
35,4,0.806823969511
35,5,0.861616249422
35,6,0.783774302335
35,7,0.834145922051
35,8,0.856194130264
35,9,0.617599945159
35,10,0.653995116423
35,11,0.666763216911
35,12,0.720640693821
35,13,0.741932643961
35,14,0.780905150953
36,1,0.361603158104
36,2,0.623234252889
36,3,0.74013842972
36,4,0.813697702445
36,5,0.872984411867
36,6,0.795782961942
36,7,0.847346341377
36,8,0.86984007029
36,9,0.613843062146
36,10,0.661276951283
36,11,0.684782324578
36,12,0.738929214911
36,13,0.759616659435
36,14,0.801233883968
37,1,0.359947183621
37,2,0.623596261032
37,3,0.741677121935
37,4,0.828232956749
37,5,0.882297930307
37,6,0.809616065887
37,7,0.82401376778
37,8,0.589519475497
37,9,0.625358465519
37,10,0.673061177049
37,11,0.70087109282
37,12,0.75551767067
37,13,0.770561125515
38,1,0.358962220967
38,2,0.623560466496
38,3,0.744364540309
38,4,0.839063763358
38,5,0.89179702564
38,6,0.799730073476
38,7,0.834589555833
38,8,0.598939228319
38,9,0.636712473888
38,10,0.683635483149
38,11,0.717529075612
38,12,0.741244428778
38,13,0.7859889973
39,1,0.357845940173
39,2,0.623324739602
39,3,0.74463649735
39,4,0.850119583892
39,5,0.737327720272
39,6,0.811271681374
39,7,0.845788315909
39,8,0.609775159377
39,9,0.647626716438
39,10,0.672757389752
39,11,0.731583174478
39,12,0.75726986048
39,13,0.801571379684
40,1,0.356264006443
40,2,0.621470087058
40,3,0.743204087675
40,4,0.849747199887
40,5,0.742074710092
40,6,0.82072521704
40,7,0.854175854312
40,8,0.617468677368
40,9,0.648941051428
40,10,0.685581749741
40,11,0.744094907986
40,12,0.769060707973
41,1,0.355365636269
41,2,0.620954049896
41,3,0.743496398042
41,4,0.838386679242
41,5,0.753690262426
41,6,0.831392573172
41,7,0.864668381543
41,8,0.618246700673
41,9,0.659820795331
41,10,0.699663957562
41,11,0.733261102447
41,12,0.782103361656
42,1,0.353098950354
42,2,0.619250828027
42,3,0.73541016461
42,4,0.843671675032
42,5,0.758297966145
42,6,0.833811226067
42,7,0.591885813469
42,8,0.626046936815
42,9,0.667754606471
42,10,0.711760562452
42,11,0.740105820179
42,12,0.795921635123
43,1,0.351070788876
43,2,0.616393860622
43,3,0.699601363093
43,4,0.848390564652
43,5,0.763825862184
43,6,0.808038497023
43,7,0.600237034165
43,8,0.633908147566
43,9,0.663958152895
43,10,0.723880508654
43,11,0.75103574254
44,1,0.348408522118
44,2,0.613189956341
44,3,0.702202769071
44,4,0.852251760106
44,5,0.768410583587
44,6,0.812614983407
44,7,0.607443328808
44,8,0.640516070172
44,9,0.675094638097
44,10,0.734325775365
44,11,0.763492043989
45,1,0.347378085167
45,2,0.613279289451
45,3,0.706424926325
45,4,0.862522856804
45,5,0.766663472258
45,6,0.82418257693
45,7,0.619577499135
45,8,0.642167066867
45,9,0.688468124179
45,10,0.727514142185
45,11,0.78088978417
46,1,0.345535443669
46,2,0.610749074146
46,3,0.706962207736
46,4,0.865162953366
46,5,0.776368274533
46,6,0.830878243431
46,7,0.612747112789
46,8,0.652878319026
46,9,0.698630650832
46,10,0.732278871665
46,11,0.793925665086
47,1,0.342921777099
47,2,0.606415656565
47,3,0.702616378522
47,4,0.863295245623
47,5,0.780082128365
47,6,0.833970933353
47,7,0.612229981127
47,8,0.655332582581
47,9,0.705141909366
47,10,0.741094379362
48,1,0.337372903869
48,2,0.603675146174
48,3,0.703689993507
48,4,0.868151208264
48,5,0.787067154461
48,6,0.841398800813
48,7,0.621333572232
48,8,0.668766960088
48,9,0.718016808998
48,10,0.754402795215
49,1,0.338559806195
49,2,0.62548281388
49,3,0.706271004568
49,4,0.721474055059
49,5,0.793304453018
49,6,0.583892643203
49,7,0.624222831773
49,8,0.670224271833
49,9,0.72678480225
49,10,0.76840424862
50,1,0.336597936408
50,2,0.624672487495
50,3,0.705971041454
50,4,0.727186378766
50,5,0.799484905422
50,6,0.591975496819
50,7,0.626395957618
50,8,0.681422099395
50,9,0.719279247164
50,10,0.780941705072
51,1,0.334398319278
51,2,0.619338320187
51,3,0.70125625621
51,4,0.730747484144
51,5,0.798819742603
51,6,0.597334852955
51,7,0.639286134285
51,8,0.686770665948
51,9,0.721687071073
51,10,0.786807433932
52,1,0.332632796267
52,2,0.618516886813
52,3,0.701459437045
52,4,0.74039061352
52,5,0.771157715705
52,6,0.606147442715
52,7,0.652049351112
52,8,0.697207483117
52,9,0.734071763749
53,1,0.329194027558
53,2,0.612835095285
53,3,0.698202902626
53,4,0.741132824777
53,5,0.772683477494
53,6,0.610610258681
53,7,0.657480421093
53,8,0.70658629944
53,9,0.741080840394
54,1,0.327526000439
54,2,0.612587525898
54,3,0.686135807652
54,4,0.747494097377
54,5,0.779279450347
54,6,0.606404507986
54,7,0.669239169082
54,8,0.717124202462
54,9,0.755759312244
55,1,0.325085310876
55,2,0.607614939878
55,3,0.682888375097
55,4,0.747602028234
55,5,0.779515148784
55,6,0.60178928505
55,7,0.656190081926
55,8,0.721681703644
55,9,0.7624913665
56,1,0.321769207187
56,2,0.602567798691
56,3,0.680683208851
56,4,0.751590260141
56,5,0.780598377859
56,6,0.600442699516
56,7,0.662430438517
56,8,0.727420882009
56,9,0.768768953611
57,1,0.319992616589
57,2,0.600760669348
57,3,0.681700430806
57,4,0.76103947691
57,5,0.784630831954
57,6,0.610865049581
57,7,0.674553311413
57,8,0.721313104421
58,1,0.31776638997
58,2,0.598177885197
58,3,0.676577834773
58,4,0.762469318887
58,5,0.557642226098
58,6,0.619304789078
58,7,0.680943706475
58,8,0.728867176514
59,1,0.315389041325
59,2,0.593446303752
59,3,0.67296566658
59,4,0.761627249806
59,5,0.564223234943
59,6,0.630599992138
59,7,0.684695508819
59,8,0.734448171137
60,1,0.312659745183
60,2,0.590027870858
60,3,0.671748606394
60,4,0.761483126014
60,5,0.567946127157
60,6,0.63917764961
60,7,0.693844534818
60,8,0.742663430825
61,1,0.310234074352
61,2,0.587045147564
61,3,0.669911684754
61,4,0.760234476362
61,5,0.572520844828
61,6,0.643453141861
61,7,0.700836992571
61,8,0.751704044386
62,1,0.307276592423
62,2,0.583651651763
62,3,0.666262739165
62,4,0.75953370945
62,5,0.57478497618
62,6,0.649631094426
62,7,0.706599912834
62,8,0.758097646333
63,1,0.305808817256
63,2,0.583714462943
63,3,0.66580005889
63,4,0.76529339875
63,5,0.58352132962
63,6,0.661254404578
63,7,0.718008948297
63,8,0.769127921232
64,1,0.302563418283
64,2,0.583916665295
64,3,0.666385340703
64,4,0.769041328751
64,5,0.588538827362
64,6,0.6698729285
64,7,0.725662779709
64,8,0.776549278605
65,1,0.335621462697
65,2,0.574419364942
65,3,0.623283015064
65,4,0.746224067757
65,5,0.584407677803
65,6,0.652909356863
65,7,0.706768691338
66,1,0.332300665791
66,2,0.567927225138
66,3,0.619119921421
66,4,0.744424821004
66,5,0.585390823587
66,6,0.653254890589
66,7,0.707508457482
67,1,0.33100370271
67,2,0.566612095541
67,3,0.619852001984
67,4,0.746485541675
67,5,0.591705903898
67,6,0.660070991518
67,7,0.715756057463
68,1,0.329786410489
68,2,0.565299369467
68,3,0.620031898421
68,4,0.749391908254
68,5,0.598611694744
68,6,0.665819083493
68,7,0.722146794009
69,1,0.328635727365
69,2,0.565010618414
69,3,0.620703910623
69,4,0.753414671644
69,5,0.60514568167
69,6,0.67272246206
69,7,0.732487179139
70,1,0.327486186898
70,2,0.565110784887
70,3,0.624007423181
70,4,0.757585194755
70,5,0.611542295682
70,6,0.681538055129
70,7,0.740479189235
71,1,0.325880872453
71,2,0.563666412325
71,3,0.624554101971
71,4,0.760334428313
71,5,0.618211184141
71,6,0.688897608262
71,7,0.747382486809
72,1,0.324590625225
72,2,0.562717881205
72,3,0.626577533019
72,4,0.763175256218
72,5,0.624917114865
72,6,0.695163845405
72,7,0.754827410961
73,1,0.321899908028
73,2,0.557718532465
73,3,0.622856442352
73,4,0.554973427362
73,5,0.623585961785
73,6,0.695141721177
73,7,0.753988664782
74,1,0.321608394456
74,2,0.558248040736
74,3,0.623144335317
74,4,0.56087956736
74,5,0.629772096834
74,6,0.701947956282
75,1,0.320780742132
75,2,0.558641815653
75,3,0.625465956388
75,4,0.566897230366
75,5,0.635558178912
75,6,0.690158503182
76,1,0.319619834186
76,2,0.558064094648
76,3,0.627817398212
76,4,0.571313182021
76,5,0.640530679561
76,6,0.694771815121
77,1,0.317530711233
77,2,0.55336243465
77,3,0.625887724244
77,4,0.572265044799
77,5,0.618028468271
77,6,0.694625055773
78,1,0.31694183727
78,2,0.554777041184
78,3,0.629722218269
78,4,0.577460376941
78,5,0.627828610273
78,6,0.701934651537
79,1,0.315627432233
79,2,0.554047994575
79,3,0.629933842079
79,4,0.583546518448
79,5,0.633634818021
79,6,0.708396344533
80,1,0.313588150632
80,2,0.550492215035
80,3,0.629274580806
80,4,0.583122465276
80,5,0.633686277044
80,6,0.709585135967
81,1,0.312765751909
81,2,0.547264733031
81,3,0.632963409984
81,4,0.576726310954
81,5,0.640781773238
81,6,0.719895549303
82,1,0.311260901641
82,2,0.546851009752
82,3,0.633980826759
82,4,0.582480234426
82,5,0.647055604025
82,6,0.7269285364
83,1,0.310137206703
83,2,0.545128581593
83,3,0.631796659595
83,4,0.584623515439
83,5,0.647587419502
83,6,0.727226268922
84,1,0.308862328447
84,2,0.546354796179
84,3,0.633883495042
84,4,0.591564039155
84,5,0.656509157203
84,6,0.735544380985
85,1,0.306319754046
85,2,0.542975415053
85,3,0.631574047003
85,4,0.590929029818
85,5,0.658434407202
85,6,0.735458556844
86,1,0.306528098734
86,2,0.546339744611
86,3,0.624828291793
86,4,0.597821323287
86,5,0.665706312755
87,1,0.303292372953
87,2,0.54194117362
87,3,0.620634630947
87,4,0.59719503055
87,5,0.665618868753
88,1,0.30344242018
88,2,0.545586463578
88,3,0.62591318013
88,4,0.603781864325
88,5,0.672872215961
89,1,0.301451029532
89,2,0.543733433083
89,3,0.626663812473
89,4,0.61245031497
89,5,0.679308015271
90,1,0.30083423049
90,2,0.544081869423
90,3,0.625077413181
90,4,0.612210560315
90,5,0.663919398831
91,1,0.298622858428
91,2,0.542666917027
91,3,0.624569650441
91,4,0.61868331652
91,5,0.66855515678
92,1,0.297900173054
92,2,0.542524441553
92,3,0.626286770275
92,4,0.617787566579
92,5,0.669542862252
93,1,0.295116804223
93,2,0.538093714144
93,3,0.621427318367
93,4,0.617197337625
93,5,0.669635402248
94,1,0.29534626182
94,2,0.541732507149
94,3,0.627479285198
94,4,0.623835647935
94,5,0.676792043792
95,1,0.292614218482
95,2,0.537693724654
95,3,0.6233635068
95,4,0.622585733041
95,5,0.677963999624
96,1,0.29405568843
96,2,0.541384548012
96,3,0.628680880096
96,4,0.630402955827
96,5,0.685494296983
97,1,0.307121932972
97,2,0.522191194819
97,3,0.517780917053
97,4,0.615629934479
97,5,0.688674196684
98,1,0.307048349721
98,2,0.524432720362
98,3,0.523933540693
98,4,0.622516772959
98,5,0.695994441935
99,1,0.30677060934
99,2,0.52371320685
99,3,0.524184507409
99,4,0.623424886374
99,5,0.696377882582
100,1,0.306026964287
100,2,0.525818375176
100,3,0.529735541183
100,4,0.630057503094
100,5,0.703574504031
101,1,0.305621616124
101,2,0.525529120653
101,3,0.529718188976
101,4,0.63139186306
101,5,0.703453253106
102,1,0.302885059068
102,2,0.52167742984
102,3,0.529420121537
102,4,0.631178321686
102,5,0.70262781605
103,1,0.303379092396
103,2,0.524540953302
103,3,0.535372440689
103,4,0.639468918013
104,1,0.30286168711
104,2,0.523333025626
104,3,0.535258695847
104,4,0.640330596161
105,1,0.301089356306
105,2,0.524164937745
105,3,0.541431379488
105,4,0.652244734728
106,1,0.30115014485
106,2,0.52370862965
106,3,0.541027931377
106,4,0.652576749186
107,1,0.299296472978
107,2,0.520180794891
107,3,0.531215147897
107,4,0.652867785555
108,1,0.298636992804
108,2,0.522468619983
108,3,0.536104098776
108,4,0.661027059367
109,1,0.298233146295
109,2,0.520244567041
109,3,0.536559124116
109,4,0.661434697224
110,1,0.296454570273
110,2,0.517636370784
110,3,0.535966456615
110,4,0.660504569032
111,1,0.295689173122
111,2,0.51830265656
111,3,0.543099386906
111,4,0.669904701842
112,1,0.29510542142
112,2,0.517277217098
112,3,0.543326644558
112,4,0.670122172473
113,1,0.292942601389
113,2,0.525668573118
113,3,0.543246894892
113,4,0.652445247171
114,1,0.292536012062
114,2,0.527944538206
114,3,0.550205250207
114,4,0.661056613062
115,1,0.292145170405
115,2,0.527141468357
115,3,0.550507292871
115,4,0.661564588135
116,1,0.290879352422
116,2,0.524644153729
116,3,0.550473888723
116,4,0.663235355883
117,1,0.28895689121
117,2,0.525362831043
117,3,0.556017650638
117,4,0.67081197687
118,1,0.288593814835
118,2,0.523879756952
118,3,0.561231007009
118,4,0.670961376153
119,1,0.288191726093
119,2,0.522412756691
119,3,0.56130367088
119,4,0.672060775374
120,1,0.285706807776
120,2,0.518833022919
120,3,0.561387835759
120,4,0.670942088869
121,1,0.285720425548
121,2,0.520331321508
121,3,0.569522533662
121,4,0.68268243831
122,1,0.285140878916
122,2,0.518943624357
122,3,0.568885646162
122,4,0.68356815825
123,1,0.283946831691
123,2,0.515925356073
123,3,0.568817511333
123,4,0.683798802285
124,1,0.28127682025
124,2,0.511669637064
124,3,0.568119636091
124,4,0.683001077975
125,1,0.282273548782
125,2,0.51446274038
125,3,0.575874122123
125,4,0.691816738903
126,1,0.281107914784
126,2,0.512615239301
126,3,0.575972255014
126,4,0.692336392293
127,1,0.279861878798
127,2,0.509082339194
127,3,0.575311872972
127,4,0.692087993275
128,1,0.27949729858
128,2,0.511523462179
128,3,0.582873610945
128,4,0.700737305489
